property_id,price,bedrooms,sqft,year_built,garage,garden,balcony,property_type,neighborhood,lat,lon,distance_to_esk,avg_employer_distance,international_community_score,family_amenities_score,safety_score,public_transport_score,budget_level,commute_time_esk,distance_to_sap_walldorf,distance_to_sap_karlsruhe,distance_to_ionos,distance_to_kit_campus_sud,distance_to_kit_campus_nord,distance_to_forschungszentrum,distance_to_dhbw,esk_suitability_score
ESK_0001,534680,3,128,1993,1,0,1,house,Südstadt,49.004014,8.40996,1.12,1.51,8.4,8.9,8.5,9.5,mid_level,15,36.35,2.14,1.84,0.56,10.2,9.98,2.13,8.9
ESK_0002,900000,3,247,2005,0,1,1,house,Innenstadt-West,48.999141,8.383692,2.19,1.5,7.5,8.2,8.6,9.5,senior_level,6,37.75,3.31,1.1,1.7,11.22,10.92,1.71,8.7
ESK_0003,650000,3,209,2013,1,0,1,house,Mühlburg,49.016266,8.366562,2.78,1.97,7.0,8.0,8.0,7.8,mid_level,19,36.78,3.28,1.62,2.9,10.0,9.63,1.4,8.3
ESK_0004,650000,4,86,2003,0,0,1,apartment,Mühlburg,49.020503,8.383185,1.74,1.33,6.6,8.5,7.9,7.6,senior_level,20,35.73,2.0,1.3,2.13,9.02,8.69,0.69,8.3
ESK_0005,650000,2,80,2021,1,0,1,apartment,Weststadt,49.010044,8.372237,2.38,1.47,8.1,8.9,9.0,9.2,senior_level,12,37.14,3.14,1.0,2.32,10.42,10.08,1.09,8.8
ESK_0006,900000,4,235,2013,0,1,1,house,Südstadt,48.986271,8.397329,3.06,2.75,8.5,8.5,8.8,8.9,senior_level,13,38.53,4.22,2.65,2.34,12.32,12.08,3.25,8.3
ESK_0007,662253,5,152,2011,1,1,0,house,Weststadt,48.994629,8.389092,2.37,1.85,8.2,9.4,9.4,8.9,senior_level,13,37.99,3.54,1.6,1.73,11.57,11.3,2.22,9.0
ESK_0008,900000,4,102,1999,1,0,1,apartment,Durlach,48.988131,8.483977,6.45,6.8,7.4,8.7,9.0,7.4,executive,24,35.85,6.65,7.53,6.22,12.34,12.36,7.75,7.2
ESK_0009,775748,4,167,2024,2,1,1,house,Weststadt,49.000752,8.398287,1.48,1.29,8.3,8.5,9.3,8.8,senior_level,10,37.07,2.66,1.28,0.79,10.74,10.48,1.79,8.9
ESK_0010,668887,5,151,2018,1,1,1,house,Weststadt,49.012165,8.377187,1.99,1.14,8.6,9.1,9.2,8.4,senior_level,13,36.75,2.71,0.73,2.02,10.05,9.72,0.67,9.0
ESK_0011,787733,3,187,2005,1,0,1,house,Südstadt,48.98873,8.389223,2.96,2.47,8.6,8.1,8.7,8.6,senior_level,17,38.56,4.14,2.26,2.28,12.2,11.93,2.88,8.7
ESK_0012,650000,3,97,1998,2,0,1,apartment,Oststadt,49.003159,8.4248,1.87,2.33,7.0,7.8,8.4,8.4,senior_level,20,35.95,2.48,2.92,1.59,10.16,9.99,3.12,8.3
ESK_0013,900000,4,121,1999,1,0,0,house,Durlach,48.997241,8.459724,4.42,4.8,7.2,9.4,8.8,7.7,executive,24,35.51,4.63,5.55,4.23,10.95,10.9,5.74,8.0
ESK_0014,650000,3,87,2010,1,0,0,apartment,Südstadt,48.99993,8.407489,1.51,1.65,8.1,8.9,8.9,9.3,senior_level,15,36.84,2.61,1.87,0.82,10.68,10.46,2.27,8.8
ESK_0015,650000,2,125,1986,2,0,1,apartment,Innenstadt-West,49.00885,8.388857,1.24,0.66,7.9,8.0,8.8,9.3,mid_level,8,36.63,2.24,0.22,1.1,10.07,9.78,0.67,8.7
ESK_0016,650000,3,183,1987,1,1,1,house,Innenstadt-West,49.018607,8.38526,1.51,1.14,7.1,7.9,8.8,9.1,mid_level,8,35.83,1.9,1.08,1.87,9.16,8.84,0.46,8.6
ESK_0017,650000,2,137,2021,2,0,1,apartment,Oststadt,49.012815,8.42591,1.57,2.11,7.2,8.3,8.4,8.2,senior_level,19,34.95,1.63,2.96,1.75,9.08,8.92,2.95,8.4
ESK_0018,715908,3,181,2015,1,1,0,house,Oststadt,49.00476,8.416267,1.29,1.78,7.5,7.9,8.1,8.0,senior_level,19,36.07,2.11,2.27,0.95,10.05,9.85,2.49,8.5
ESK_0019,900000,4,203,2019,2,1,1,house,Weststadt,49.006458,8.37256,2.45,1.53,8.3,8.9,8.9,8.3,senior_level,14,37.46,3.33,1.0,2.27,10.77,10.43,1.31,8.8
ESK_0020,650000,3,191,2017,0,1,1,house,Oststadt,49.011919,8.417269,0.95,1.61,7.4,7.9,8.4,7.5,mid_level,18,35.33,1.36,2.32,1.14,9.25,9.05,2.33,8.7
ESK_0021,650000,3,247,1974,1,0,1,house,Weststadt,48.996403,8.380256,2.58,1.86,8.2,8.9,9.1,8.9,mid_level,13,38.14,3.71,1.45,2.07,11.59,11.29,2.05,8.9
ESK_0022,900000,4,141,1997,1,0,1,house,Weststadt,49.001492,8.388776,1.75,1.18,8.6,8.9,9.3,8.8,executive,12,37.34,2.89,0.85,1.24,10.85,10.57,1.46,9.0
ESK_0023,450000,2,87,1971,0,0,1,apartment,Mühlburg,49.012722,8.383836,1.5,0.76,7.0,8.1,8.1,7.6,mid_level,19,36.44,2.26,0.45,1.59,9.8,9.49,0.24,8.3
ESK_0024,650000,3,148,2005,0,0,1,apartment,Südstadt,48.998858,8.39845,1.67,1.47,8.7,8.4,8.7,9.3,mid_level,14,37.25,2.85,1.45,0.97,10.94,10.69,1.98,8.8
ESK_0025,650000,2,143,2014,2,0,1,apartment,Mühlburg,49.022168,8.36787,2.84,2.21,6.7,7.7,8.2,7.4,senior_level,19,36.18,3.1,1.97,3.12,9.38,9.01,1.55,8.1
ESK_0026,650000,3,163,2018,1,1,1,house,Mühlburg,49.024012,8.372203,2.63,2.06,6.8,7.8,8.0,7.7,senior_level,22,35.83,2.78,1.95,2.98,9.05,8.68,1.44,8.3
ESK_0027,650000,2,86,2018,0,0,1,apartment,Südstadt,48.987341,8.39229,3.03,2.61,7.8,8.1,9.1,8.9,senior_level,14,38.59,4.21,2.44,2.33,12.29,12.03,3.06,8.1
ESK_0028,650000,2,134,2015,1,0,1,apartment,Durlach,49.003345,8.48678,6.11,6.49,7.0,8.7,9.0,7.1,senior_level,23,34.18,6.0,7.39,6.07,10.8,10.85,7.48,7.1
ESK_0029,996391,3,157,2022,1,1,0,house,Weststadt,49.006984,8.392381,1.13,0.78,8.0,9.4,9.2,9.3,executive,10,36.68,2.24,0.53,0.83,10.19,9.91,0.97,9.1
ESK_0030,900000,4,202,2016,2,0,0,house,Innenstadt-West,49.018386,8.398693,0.69,1.13,7.9,7.8,8.6,9.3,senior_level,7,35.35,1.01,1.41,1.33,8.84,8.57,1.05,9.0
ESK_0031,1018861,5,211,2014,1,1,1,house,Südstadt,48.992067,8.40551,2.37,2.3,8.6,8.8,9.1,9.2,executive,15,37.68,3.49,2.36,1.65,11.57,11.34,2.89,8.9
ESK_0032,650000,3,225,2001,2,1,1,house,Südstadt,49.003655,8.413982,1.29,1.72,8.5,8.6,8.5,8.5,mid_level,14,36.25,2.2,2.14,0.83,10.19,9.99,2.4,8.8
ESK_0033,836906,5,196,2019,1,1,0,house,Weststadt,48.995507,8.390751,2.22,1.75,8.3,8.8,9.0,9.2,senior_level,13,37.85,3.4,1.53,1.58,11.44,11.17,2.15,8.9
ESK_0034,738868,4,160,2021,2,0,1,house,Weststadt,48.999373,8.370666,2.91,2.03,8.5,8.9,9.4,8.9,senior_level,13,38.21,3.93,1.53,2.55,11.54,11.22,2.0,9.0
ESK_0035,650000,4,132,2019,1,1,1,house,Oststadt,49.010345,8.434414,2.22,2.7,7.2,8.2,8.5,8.0,senior_level,19,34.92,2.27,3.55,2.27,9.34,9.2,3.59,8.4
ESK_0036,650000,2,121,2009,1,0,1,apartment,Durlach,48.985725,8.458576,5.01,5.33,6.9,9.4,8.8,7.7,senior_level,25,36.73,5.46,5.9,4.64,12.2,12.14,6.21,7.3
ESK_0037,650000,4,165,2011,0,0,0,house,Oststadt,49.008305,8.434193,2.25,2.72,6.9,7.9,8.3,8.2,mid_level,16,35.13,2.41,3.53,2.23,9.56,9.43,3.61,8.3
ESK_0038,900000,2,99,2021,1,0,0,apartment,Durlach,48.996958,8.459653,4.43,4.81,6.9,9.2,9.1,7.4,executive,25,35.54,4.64,5.55,4.23,10.98,10.93,5.74,7.8
ESK_0039,900000,3,117,1999,1,0,1,apartment,Durlach,48.985134,8.464773,5.41,5.74,6.8,9.1,8.7,7.3,executive,24,36.63,5.81,6.34,5.07,12.34,12.29,6.63,7.2
ESK_0040,787414,4,185,1998,1,1,1,house,Südstadt,48.987395,8.414716,2.99,3.06,7.8,8.3,8.7,9.1,senior_level,15,37.85,4.01,3.19,2.31,11.98,11.78,3.69,8.6
ESK_0041,636956,3,152,1973,2,0,1,house,Südstadt,49.00473,8.406173,0.97,1.24,8.5,8.1,8.5,9.2,mid_level,17,36.41,2.09,1.56,0.3,10.17,9.94,1.85,9.1
ESK_0042,1125151,4,214,2021,1,1,1,house,Oststadt,49.00952,8.432522,2.1,2.59,6.9,8.5,8.4,7.7,executive,19,35.07,2.23,3.41,2.12,9.43,9.29,3.47,8.4
ESK_0043,900000,5,162,2016,1,1,1,house,Innenstadt-West,49.013145,8.406033,0.12,1.13,7.2,8.0,8.3,9.1,senior_level,6,35.59,1.17,1.55,0.71,9.26,9.02,1.5,8.8
ESK_0044,650000,4,132,2019,0,0,1,apartment,Weststadt,49.003463,8.388183,1.62,1.02,8.2,8.6,9.3,8.9,mid_level,13,37.17,2.73,0.63,1.19,10.65,10.37,1.24,8.8
ESK_0045,650000,4,206,1995,2,1,1,house,Weststadt,49.009905,8.376049,2.1,1.21,8.5,9.2,9.4,8.9,mid_level,12,37.01,2.91,0.72,2.04,10.31,9.98,0.86,9.1
ESK_0046,672089,3,150,2015,1,1,1,house,Südstadt,48.99655,8.398661,1.92,1.69,7.9,8.9,8.8,9.2,senior_level,15,37.47,3.09,1.66,1.21,11.18,10.93,2.21,8.9
ESK_0047,507970,2,130,1974,2,0,1,apartment,Mühlburg,49.020048,8.376209,2.18,1.61,6.4,8.5,7.8,7.7,mid_level,21,36.04,2.51,1.42,2.48,9.29,8.94,0.92,8.2
ESK_0048,650000,3,118,2006,1,0,0,apartment,Weststadt,48.998585,8.391668,1.89,1.44,8.6,8.9,9.2,9.2,senior_level,11,37.52,3.07,1.22,1.27,11.1,10.83,1.82,8.9
ESK_0049,1301081,5,193,2018,2,1,0,house,Innenstadt-West,49.009118,8.401344,0.53,0.91,7.6,7.7,8.6,9.9,executive,10,36.15,1.71,1.13,0.3,9.78,9.53,1.29,9.0
ESK_0050,549967,4,141,2024,1,0,1,apartment,Südstadt,48.987265,8.417545,3.06,3.19,8.4,8.2,9.0,9.1,mid_level,13,37.77,4.04,3.34,2.41,11.97,11.78,3.82,8.1
ESK_0051,842654,5,196,1994,2,1,1,house,Südstadt,49.00227,8.415689,1.49,1.89,7.7,8.3,9.0,8.8,senior_level,14,36.33,2.37,2.3,1.01,10.33,10.13,2.58,8.7
ESK_0052,900000,4,190,2003,1,1,1,house,Weststadt,49.004303,8.399266,1.08,1.02,8.8,8.8,9.2,8.9,senior_level,12,36.69,2.26,1.11,0.43,10.33,10.08,1.51,9.0
ESK_0053,650000,3,114,2013,1,0,0,apartment,Oststadt,49.009749,8.413821,0.8,1.46,6.8,8.3,8.2,8.4,senior_level,18,35.66,1.53,2.05,0.8,9.52,9.31,2.12,8.6
ESK_0054,650000,3,98,2003,1,0,1,apartment,Durlach,49.003979,8.482394,5.78,6.17,7.1,9.6,9.0,7.7,senior_level,26,34.22,5.68,7.07,5.75,10.63,10.67,7.16,7.3
ESK_0055,900000,2,108,2008,0,0,1,apartment,Mühlburg,49.017064,8.379206,1.88,1.23,7.1,7.8,8.2,7.9,executive,21,36.21,2.37,1.03,2.11,9.49,9.16,0.55,8.3
ESK_0056,650000,2,138,2009,1,0,1,apartment,Oststadt,49.010495,8.415076,0.84,1.51,6.9,8.5,8.5,7.6,senior_level,18,35.54,1.47,2.14,0.92,9.43,9.22,2.2,8.6
ESK_0057,664166,4,211,2011,1,1,1,house,Mühlburg,49.014421,8.360463,3.21,2.35,7.2,8.4,8.1,8.1,senior_level,20,37.19,3.77,1.95,3.26,10.4,10.02,1.83,8.0
ESK_0058,650000,4,134,2001,1,1,1,house,Durlach,48.994362,8.459215,4.52,4.89,7.1,9.2,9.0,7.8,senior_level,25,35.82,4.8,5.59,4.28,11.26,11.2,5.82,7.9
ESK_0059,468367,2,134,1998,1,0,0,apartment,Durlach,48.992841,8.467816,5.16,5.52,7.2,9.0,9.0,7.5,mid_level,26,35.75,5.39,6.24,4.93,11.54,11.51,6.46,7.3
ESK_0060,450000,4,127,2014,0,1,1,house,Mühlburg,49.019651,8.361448,3.21,2.46,6.7,8.1,8.1,7.9,mid_level,20,36.67,3.59,2.14,3.39,9.87,9.49,1.85,7.8
ESK_0061,450000,2,102,2018,0,0,1,apartment,Weststadt,48.995555,8.37007,3.19,2.34,8.2,9.0,9.4,9.0,mid_level,13,38.6,4.26,1.88,2.76,11.95,11.63,2.39,8.3
ESK_0062,900000,3,248,2023,0,1,1,house,Innenstadt-West,49.012846,8.408476,0.3,1.2,7.6,8.2,8.2,9.7,senior_level,7,35.54,1.17,1.71,0.75,9.26,9.02,1.68,9.0
ESK_0063,900000,4,161,2021,0,1,0,house,Oststadt,49.017421,8.433328,2.16,2.59,6.8,8.2,8.2,8.2,executive,16,34.25,1.8,3.59,2.46,8.55,8.41,3.5,8.4
ESK_0064,900000,4,200,2005,0,1,0,house,Südstadt,48.99579,8.411722,2.03,2.19,8.2,8.9,9.0,9.5,senior_level,14,37.11,3.06,2.39,1.37,11.08,10.87,2.82,8.9
ESK_0065,900000,4,134,2011,1,0,1,apartment,Durlach,48.992439,8.471596,5.43,5.79,6.6,9.1,8.9,7.3,executive,24,35.7,5.64,6.52,5.21,11.64,11.63,6.74,7.1
ESK_0066,724051,4,148,2024,1,0,1,house,Weststadt,48.994357,8.399632,2.15,1.93,8.9,9.0,9.3,8.5,senior_level,14,37.65,3.31,1.91,1.43,11.4,11.16,2.46,9.0
ESK_0067,650000,3,143,2004,0,1,1,house,Weststadt,49.012855,8.389489,1.09,0.7,9.0,9.4,9.5,9.3,senior_level,11,36.22,1.91,0.52,1.23,9.64,9.34,0.34,9.2
ESK_0068,900000,3,149,2014,1,1,0,house,Südstadt,49.000165,8.408881,1.51,1.7,8.0,8.1,9.0,9.5,executive,16,36.77,2.57,1.94,0.84,10.64,10.42,2.33,8.8
ESK_0069,650000,3,154,2019,1,0,0,house,Durlach,48.997505,8.473726,5.36,5.73,6.6,9.6,9.0,7.5,senior_level,25,35.11,5.44,6.54,5.21,11.13,11.13,6.7,7.3
ESK_0070,455742,4,136,2009,1,0,0,apartment,Durlach,48.991356,8.47754,5.87,6.23,6.8,8.9,9.3,7.1,mid_level,26,35.66,6.06,6.97,5.66,11.87,11.87,7.18,7.1
ESK_0071,1380743,3,227,2005,2,0,1,house,Weststadt,49.011633,8.398839,0.45,0.88,8.3,8.7,9.0,8.6,executive,12,36.0,1.54,1.0,0.63,9.56,9.29,1.02,9.2
ESK_0072,450000,2,81,2010,2,0,1,apartment,Weststadt,49.001534,8.370272,2.82,1.91,8.9,8.6,9.5,9.0,mid_level,10,38.02,3.79,1.4,2.51,11.33,11.0,1.82,8.9
ESK_0073,650000,4,126,2022,2,1,1,house,Südstadt,48.999163,8.390021,1.9,1.4,8.5,8.0,8.5,8.8,senior_level,15,37.52,3.06,1.13,1.32,11.07,10.79,1.74,8.8
ESK_0074,900000,4,179,2002,1,1,0,house,Durlach,48.998066,8.470577,5.12,5.5,7.2,9.4,8.9,8.0,executive,24,35.14,5.22,6.3,4.98,11.02,11.0,6.46,7.5
ESK_0075,900000,3,248,2011,2,1,0,house,Südstadt,49.003872,8.400592,1.1,1.08,8.4,8.4,9.0,9.0,senior_level,17,36.69,2.27,1.22,0.41,10.36,10.11,1.61,8.9
ESK_0076,900000,3,124,2000,0,0,1,apartment,Weststadt,49.011372,8.393298,0.84,0.73,8.8,9.0,9.0,8.4,executive,13,36.22,1.82,0.61,0.91,9.7,9.42,0.66,9.2
ESK_0077,900000,3,224,2008,1,0,0,house,Südstadt,48.98901,8.402748,2.71,2.54,8.2,8.6,8.7,9.2,senior_level,16,38.08,3.85,2.53,1.99,11.94,11.71,3.1,8.8
ESK_0078,526196,5,139,1985,1,1,1,house,Durlach,48.985192,8.471615,5.82,6.15,7.4,8.8,9.0,7.9,mid_level,23,36.45,6.16,6.79,5.51,12.43,12.4,7.07,7.4
ESK_0079,508510,3,138,2011,0,0,0,apartment,Durlach,48.991556,8.466863,5.16,5.52,7.2,8.7,9.3,7.1,mid_level,25,35.91,5.43,6.22,4.91,11.66,11.63,6.45,7.2
ESK_0080,650000,4,86,2022,1,0,1,apartment,Durlach,49.001819,8.478623,5.56,5.95,7.1,9.2,9.1,7.1,senior_level,23,34.54,5.53,6.82,5.49,10.77,10.79,6.93,7.2
ESK_0081,900000,3,144,2020,1,1,1,house,Weststadt,48.997191,8.396154,1.9,1.6,8.2,9.5,9.5,9.0,executive,11,37.5,3.08,1.51,1.21,11.16,10.9,2.07,9.0
ESK_0082,900000,4,215,2019,1,1,1,house,Innenstadt-West,49.000444,8.38392,2.08,1.38,7.0,8.2,8.5,9.4,senior_level,9,37.62,3.19,0.95,1.61,11.07,10.78,1.57,8.6
ESK_0083,650000,4,239,1981,1,1,1,house,Südstadt,49.002468,8.415021,1.44,1.85,8.5,8.4,8.9,9.1,mid_level,14,36.34,2.34,2.25,0.96,10.31,10.11,2.53,8.9
ESK_0084,650000,4,197,2008,1,1,0,house,Südstadt,48.993261,8.390074,2.47,1.99,8.7,8.3,8.9,8.8,mid_level,16,38.09,3.65,1.77,1.81,11.7,11.43,2.38,8.8
ESK_0085,650000,3,188,1979,1,0,1,house,Weststadt,49.013396,8.383614,1.52,0.78,8.9,8.8,9.1,8.7,mid_level,12,36.39,2.24,0.52,1.63,9.74,9.42,0.19,9.0
ESK_0086,650000,4,119,2014,0,0,1,apartment,Südstadt,48.99567,8.411454,2.04,2.19,7.9,8.1,8.9,8.7,senior_level,14,37.13,3.07,2.38,1.37,11.1,10.89,2.82,8.6
ESK_0087,900000,4,209,1992,1,1,1,house,Weststadt,48.996066,8.38754,2.29,1.72,8.5,8.8,9.2,8.4,senior_level,11,37.91,3.45,1.43,1.69,11.45,11.17,2.05,8.9
ESK_0088,650000,4,140,2007,2,0,1,house,Weststadt,49.012796,8.391987,0.91,0.74,8.9,9.2,9.2,8.9,mid_level,13,36.13,1.77,0.63,1.08,9.58,9.29,0.5,9.4
ESK_0089,900000,3,206,2010,1,0,1,house,Innenstadt-West,48.999608,8.410928,1.61,1.85,7.0,8.3,8.4,9.9,senior_level,9,36.75,2.63,2.1,0.97,10.67,10.46,2.48,8.7
ESK_0090,900000,4,225,2020,1,1,1,house,Innenstadt-West,49.013769,8.409355,0.36,1.22,7.5,7.3,8.4,9.4,senior_level,8,35.42,1.06,1.8,0.87,9.14,8.91,1.73,8.8
ESK_0091,650000,3,130,2016,1,1,1,house,Durlach,48.992171,8.470661,5.38,5.74,7.4,9.2,9.0,7.0,senior_level,24,35.75,5.6,6.46,5.15,11.65,11.64,6.68,7.4
ESK_0092,878950,4,226,2019,2,0,0,house,Südstadt,48.992976,8.405405,2.27,2.21,8.3,8.9,8.6,9.4,senior_level,13,37.59,3.39,2.28,1.55,11.47,11.24,2.8,8.9
ESK_0093,567493,3,160,2016,1,1,0,house,Mühlburg,49.012032,8.358043,3.38,2.49,6.7,8.7,8.2,7.8,mid_level,18,37.51,4.01,2.05,3.38,10.72,10.34,2.03,7.9
ESK_0094,900000,3,239,2011,0,1,1,house,Oststadt,49.013996,8.410538,0.45,1.26,6.8,7.5,8.4,8.0,senior_level,18,35.35,1.03,1.89,0.93,9.1,8.88,1.82,8.6
ESK_0095,900000,4,192,2006,1,1,1,house,Durlach,48.997332,8.462443,4.6,4.98,7.3,9.5,8.8,7.4,executive,24,35.43,4.78,5.74,4.42,10.97,10.93,5.92,8.0
ESK_0096,650000,3,150,1976,1,1,1,house,Weststadt,49.011385,8.384187,1.49,0.72,8.5,9.5,9.0,9.0,mid_level,12,36.56,2.32,0.3,1.51,9.93,9.62,0.36,9.1
ESK_0097,538090,2,131,2011,2,0,1,apartment,Südstadt,48.999352,8.408773,1.59,1.76,8.3,8.6,8.7,8.9,mid_level,14,36.85,2.67,1.98,0.92,10.73,10.51,2.39,8.7
ESK_0098,650000,4,155,1977,1,1,1,house,Innenstadt-West,49.007848,8.407956,0.67,1.23,7.7,8.3,8.6,9.6,mid_level,9,36.04,1.73,1.62,0.33,9.81,9.58,1.79,9.0
ESK_0099,450000,3,94,1985,1,0,1,apartment,Südstadt,48.986203,8.404869,3.02,2.88,7.7,8.3,9.1,9.0,mid_level,15,38.28,4.14,2.88,2.3,12.21,11.99,3.45,8.1
ESK_0100,650000,2,127,1998,1,0,1,apartment,Weststadt,49.013483,8.370601,2.47,1.61,8.6,9.0,9.0,8.4,senior_level,10,36.88,3.09,1.22,2.52,10.13,9.78,1.1,8.8
ESK_0101,650000,4,227,1992,2,1,0,house,Weststadt,49.000833,8.381427,2.18,1.42,8.6,9.1,9.1,8.8,mid_level,12,37.67,3.27,0.95,1.76,11.09,10.79,1.55,9.0
ESK_0102,769494,3,148,2021,1,0,0,house,Innenstadt-West,49.011559,8.403229,0.22,1.05,8.0,7.9,8.8,9.6,senior_level,8,35.85,1.4,1.31,0.52,9.48,9.23,1.33,9.1
ESK_0103,900000,3,147,2021,1,0,0,apartment,Südstadt,48.997127,8.392176,2.02,1.58,8.2,8.2,8.5,9.3,executive,13,37.64,3.2,1.39,1.37,11.24,10.97,1.99,8.7
ESK_0104,900000,3,122,2016,1,1,1,house,Innenstadt-West,49.017729,8.409283,0.6,1.22,7.2,7.8,8.7,9.6,executive,7,35.03,0.62,1.97,1.27,8.71,8.48,1.76,8.9
ESK_0105,589580,2,128,2002,1,0,1,apartment,Südstadt,48.988413,8.390239,2.96,2.5,8.3,8.3,8.9,9.0,mid_level,15,38.56,4.15,2.3,2.28,12.21,11.95,2.92,8.7
ESK_0106,900000,4,228,2019,1,0,1,house,Weststadt,49.011732,8.383494,1.54,0.76,8.0,8.8,9.4,8.4,senior_level,12,36.55,2.34,0.36,1.57,9.91,9.6,0.34,8.9
ESK_0107,900000,4,114,1999,1,0,1,apartment,Weststadt,48.994242,8.377236,2.91,2.16,8.1,9.0,9.0,8.6,executive,13,38.46,4.03,1.75,2.39,11.89,11.59,2.33,8.7
ESK_0108,900000,4,244,2020,1,1,1,house,Südstadt,48.992518,8.399834,2.35,2.12,8.5,8.0,9.0,9.0,senior_level,16,37.83,3.51,2.09,1.62,11.6,11.36,2.66,8.8
ESK_0109,650000,4,140,2001,2,1,0,house,Innenstadt-West,49.016902,8.4021,0.42,1.09,7.7,8.0,8.7,9.1,mid_level,6,35.37,0.93,1.48,1.12,8.93,8.67,1.23,9.0
ESK_0110,900000,4,135,2009,1,0,1,apartment,Südstadt,48.992752,8.401858,2.3,2.14,7.8,8.4,8.5,9.0,executive,17,37.74,3.45,2.14,1.58,11.54,11.31,2.69,8.6
ESK_0111,450000,2,98,2010,1,0,1,apartment,Durlach,48.988957,8.48648,6.58,6.92,7.5,9.5,8.9,8.0,mid_level,25,35.7,6.74,7.67,6.36,12.31,12.33,7.89,7.3
ESK_0112,650000,3,241,2024,0,1,1,house,Innenstadt-West,49.013961,8.407353,0.22,1.16,7.2,7.6,8.8,9.7,mid_level,8,35.47,1.06,1.67,0.83,9.15,8.92,1.59,8.9
ESK_0113,1118207,3,191,2017,1,1,1,house,Weststadt,49.013848,8.390144,1.04,0.74,8.2,8.6,9.1,9.1,executive,11,36.1,1.81,0.63,1.25,9.52,9.22,0.34,8.9
ESK_0114,650000,5,183,1992,2,1,1,house,Innenstadt-West,49.013559,8.386238,1.32,0.7,7.5,7.6,8.5,9.7,mid_level,9,36.27,2.06,0.52,1.47,9.65,9.34,0.11,8.7
ESK_0115,650000,3,214,1970,1,0,1,house,Innenstadt-West,49.014222,8.387802,1.21,0.73,7.3,8.0,8.7,9.6,mid_level,9,36.15,1.93,0.61,1.42,9.54,9.23,0.16,8.7
ESK_0116,900000,4,81,2019,1,0,1,apartment,Südstadt,48.995774,8.403725,1.96,1.89,8.5,8.5,8.8,8.6,executive,15,37.38,3.1,1.96,1.24,11.19,10.95,2.47,8.7
ESK_0117,774960,3,143,1994,0,0,1,house,Innenstadt-West,49.014608,8.389516,1.09,0.77,7.9,7.8,8.6,9.1,senior_level,7,36.05,1.8,0.69,1.34,9.45,9.15,0.29,8.7
ESK_0118,650000,2,103,2017,0,0,1,apartment,Durlach,48.985456,8.471798,5.82,6.15,7.5,8.9,9.2,7.5,senior_level,24,36.42,6.15,6.79,5.51,12.4,12.38,7.07,7.3
ESK_0119,650000,4,220,2023,1,1,1,house,Weststadt,49.00871,8.377076,2.06,1.16,8.1,8.9,9.4,8.7,mid_level,12,37.08,2.92,0.64,1.95,10.4,10.08,0.89,8.9
ESK_0120,650000,3,228,2014,1,1,1,house,Innenstadt-West,49.00269,8.393867,1.42,1.07,7.9,7.5,8.4,9.5,mid_level,8,37.04,2.59,0.91,0.86,10.61,10.34,1.45,8.7
ESK_0121,650000,5,238,1993,1,1,0,house,Südstadt,49.003747,8.409181,1.13,1.47,7.8,8.8,8.9,9.5,mid_level,13,36.41,2.18,1.8,0.53,10.24,10.02,2.09,8.9
ESK_0122,900000,3,155,2020,1,1,0,house,Weststadt,48.999644,8.377851,2.47,1.66,8.0,8.6,9.4,8.4,executive,12,37.92,3.54,1.18,2.05,11.31,11.0,1.75,8.8
ESK_0123,871445,5,193,2023,0,1,0,house,Südstadt,48.991947,8.414995,2.51,2.67,8.7,8.3,8.9,8.7,senior_level,15,37.38,3.5,2.84,1.86,11.47,11.28,3.3,8.8
ESK_0124,650000,3,149,2011,0,1,1,house,Südstadt,49.00444,8.406256,1.01,1.26,7.9,8.4,8.8,9.3,mid_level,15,36.44,2.12,1.57,0.33,10.2,9.97,1.88,8.8
ESK_0125,650000,4,148,1979,1,1,1,house,Innenstadt-West,49.003523,8.408408,1.14,1.44,7.1,7.8,8.7,9.5,mid_level,6,36.45,2.2,1.75,0.51,10.27,10.05,2.06,8.6
ESK_0126,650000,4,188,2004,2,1,1,house,Durlach,48.988427,8.464959,5.22,5.56,7.0,9.7,9.2,7.0,senior_level,23,36.28,5.56,6.21,4.92,11.98,11.94,6.47,7.4
ESK_0127,650000,4,227,2019,0,1,0,house,Südstadt,49.003184,8.404161,1.14,1.25,7.8,8.4,9.0,8.8,mid_level,14,36.63,2.28,1.48,0.41,10.37,10.14,1.85,8.8
ESK_0128,782648,4,142,2016,1,1,0,house,Innenstadt-West,49.002917,8.409909,1.23,1.57,7.6,7.3,8.4,9.7,senior_level,9,36.46,2.27,1.88,0.63,10.32,10.1,2.19,8.6
ESK_0129,457120,3,102,1970,1,0,1,apartment,Südstadt,49.000972,8.417033,1.66,2.05,8.3,8.2,9.0,8.9,mid_level,14,36.42,2.53,2.44,1.17,10.46,10.26,2.74,8.7
ESK_0130,900000,2,131,2003,2,0,1,apartment,Weststadt,49.005195,8.385822,1.63,0.92,8.7,8.8,9.2,9.1,executive,12,37.09,2.69,0.41,1.32,10.53,10.23,1.03,8.9
ESK_0131,650000,4,227,2002,1,0,1,house,Südstadt,48.994884,8.412847,2.15,2.32,8.4,8.7,8.9,8.9,mid_level,16,37.16,3.17,2.51,1.49,11.17,10.96,2.95,8.8
ESK_0132,900000,3,209,1997,0,1,0,house,Südstadt,49.004582,8.407024,1.0,1.29,8.0,8.6,8.9,9.0,senior_level,14,36.4,2.1,1.62,0.35,10.18,9.95,1.91,9.1
ESK_0133,1236078,4,220,2020,1,1,1,house,Weststadt,48.994664,8.379118,2.78,2.06,8.6,8.6,9.2,8.8,executive,13,38.35,3.91,1.66,2.25,11.8,11.5,2.26,8.9
ESK_0134,900000,3,216,2023,1,1,0,house,Innenstadt-West,49.006608,8.412304,0.95,1.48,7.8,8.1,8.2,10.0,senior_level,9,36.02,1.86,1.95,0.63,9.89,9.67,2.14,9.0
ESK_0135,549388,3,118,2009,1,0,0,apartment,Südstadt,49.001588,8.396446,1.44,1.18,8.0,8.8,8.5,8.7,mid_level,16,37.06,2.62,1.12,0.79,10.68,10.42,1.64,8.7
ESK_0136,740398,3,149,2017,1,0,1,apartment,Innenstadt-West,49.00029,8.409317,1.5,1.71,7.4,7.6,8.7,9.6,senior_level,9,36.74,2.56,1.96,0.84,10.62,10.4,2.34,8.5
ESK_0137,663500,2,141,1996,2,0,0,apartment,Weststadt,48.998405,8.384651,2.2,1.55,8.1,9.4,9.2,8.4,senior_level,11,37.79,3.34,1.17,1.68,11.27,10.98,1.79,8.8
ESK_0138,898426,4,208,2000,1,1,1,house,Weststadt,48.997412,8.398443,1.83,1.61,8.3,9.0,9.5,8.6,senior_level,12,37.4,3.01,1.58,1.12,11.09,10.84,2.12,8.9
ESK_0139,900000,3,181,2012,1,1,1,house,Oststadt,48.998058,8.406193,1.71,1.76,7.2,8.1,8.3,8.4,executive,16,37.07,2.82,1.91,1.0,10.9,10.67,2.37,8.5
ESK_0140,797540,3,172,1995,1,1,0,house,Oststadt,49.014878,8.413547,0.69,1.38,7.2,8.4,8.3,7.5,senior_level,19,35.16,0.97,2.13,1.14,8.96,8.75,2.04,8.7
ESK_0141,900000,4,235,2018,1,1,0,house,Weststadt,49.003012,8.397883,1.25,1.09,9.0,9.2,9.4,8.3,senior_level,13,36.87,2.43,1.1,0.61,10.5,10.24,1.56,9.1
ESK_0142,727914,4,206,1998,1,1,1,house,Durlach,48.985211,8.483348,6.56,6.9,6.8,9.4,8.9,7.6,senior_level,26,36.17,6.81,7.59,6.29,12.64,12.65,7.84,7.3
ESK_0143,626253,3,142,1975,0,1,0,house,Oststadt,49.009974,8.420065,1.2,1.79,6.8,7.5,8.3,7.8,mid_level,18,35.43,1.64,2.5,1.24,9.44,9.25,2.56,8.3
ESK_0144,900000,4,205,2021,1,1,1,house,Innenstadt-West,48.999875,8.38669,1.98,1.37,7.3,8.1,8.5,9.8,senior_level,9,37.57,3.12,1.01,1.47,11.07,10.78,1.63,8.7
ESK_0145,853840,3,198,2018,1,1,0,house,Oststadt,49.016333,8.41793,1.04,1.6,6.8,8.4,8.2,7.7,senior_level,16,34.87,0.95,2.48,1.48,8.76,8.56,2.37,8.4
ESK_0146,900000,3,208,2016,1,1,1,house,Innenstadt-West,49.011738,8.393218,0.84,0.73,7.7,7.4,8.5,9.0,senior_level,8,36.19,1.79,0.63,0.93,9.67,9.38,0.63,8.9
ESK_0147,650000,3,123,2020,1,1,1,house,Mühlburg,49.012684,8.35617,3.52,2.63,7.3,8.0,8.2,7.9,senior_level,21,37.53,4.12,2.2,3.53,10.73,10.35,2.16,7.9
ESK_0148,745736,3,190,2002,1,1,1,house,Mühlburg,49.010768,8.383834,1.53,0.73,6.7,8.0,7.9,7.5,senior_level,18,36.63,2.38,0.25,1.51,10.0,9.69,0.43,8.3
ESK_0149,655496,4,138,2012,1,1,1,house,Südstadt,48.990405,8.416993,2.72,2.89,8.6,8.6,8.8,9.1,senior_level,14,37.47,3.69,3.07,2.07,11.62,11.44,3.52,8.8
ESK_0150,521548,4,144,1980,1,0,1,apartment,Südstadt,48.985789,8.402266,3.07,2.87,8.4,8.5,8.5,9.2,mid_level,15,38.41,4.21,2.84,2.35,12.3,12.07,3.42,8.2
ESK_0151,650000,4,184,2024,1,1,0,house,Weststadt,49.013392,8.398473,0.43,0.94,8.4,9.0,9.2,8.9,mid_level,13,35.84,1.4,1.05,0.82,9.38,9.11,0.95,9.3
ESK_0152,650000,4,94,1999,2,0,1,apartment,Mühlburg,49.013152,8.379826,1.79,0.99,7.2,7.8,8.2,7.7,senior_level,20,36.55,2.49,0.64,1.87,9.87,9.54,0.45,8.3
ESK_0153,900000,4,210,2001,1,1,1,house,Innenstadt-West,49.017528,8.383573,1.59,1.07,7.2,8.3,8.2,10.0,senior_level,9,36.0,2.05,0.97,1.88,9.31,8.99,0.37,8.7
ESK_0154,900000,3,90,2019,1,0,1,apartment,Durlach,48.990292,8.457629,4.66,5.01,7.3,9.3,8.8,7.5,executive,23,36.29,5.04,5.63,4.35,11.69,11.62,5.9,7.8
ESK_0155,650000,4,243,2003,0,0,1,house,Südstadt,48.993142,8.38998,2.49,2.0,7.8,8.8,8.6,9.0,mid_level,14,38.11,3.67,1.78,1.83,11.71,11.44,2.4,8.8
ESK_0156,650000,2,91,2006,0,0,1,apartment,Durlach,48.997737,8.463533,4.65,5.03,7.0,8.9,8.7,7.2,senior_level,25,35.36,4.81,5.8,4.48,10.94,10.91,5.98,7.7
ESK_0157,650000,4,119,2017,1,0,1,apartment,Durlach,48.988157,8.478794,6.11,6.46,6.8,9.0,9.0,7.1,senior_level,27,35.97,6.34,7.17,5.86,12.23,12.23,7.4,7.1
ESK_0158,900000,3,99,2011,0,0,0,apartment,Durlach,48.992429,8.461959,4.8,5.16,7.2,9.3,9.2,7.6,executive,25,35.95,5.1,5.85,4.54,11.5,11.46,6.09,7.9
ESK_0159,900000,2,120,2022,1,0,1,apartment,Südstadt,49.003809,8.390481,1.47,0.97,8.1,8.4,9.1,9.2,executive,13,37.05,2.61,0.66,1.02,10.57,10.29,1.24,8.8
ESK_0160,650000,2,98,2022,0,0,0,apartment,Weststadt,49.005293,8.397905,1.02,0.93,8.7,9.4,9.1,8.8,senior_level,13,36.64,2.2,0.97,0.46,10.25,9.99,1.36,9.0
ESK_0161,900000,4,134,2017,1,0,1,house,Mühlburg,49.007096,8.369957,2.61,1.68,6.9,8.1,8.1,7.7,executive,21,37.5,3.45,1.17,2.46,10.78,10.44,1.41,8.4
ESK_0162,537700,3,145,2005,1,0,1,apartment,Durlach,48.997354,8.481087,5.87,6.24,6.9,9.4,8.8,7.9,mid_level,24,34.95,5.91,7.07,5.74,11.3,11.32,7.22,7.2
ESK_0163,450000,4,81,2006,2,0,1,apartment,Südstadt,48.986162,8.391345,3.17,2.74,8.6,8.0,8.9,8.8,mid_level,17,38.74,4.35,2.56,2.48,12.43,12.18,3.18,8.1
ESK_0164,878284,4,179,2006,1,0,1,house,Weststadt,49.008497,8.396329,0.8,0.79,8.1,8.9,9.1,8.5,senior_level,12,36.39,1.94,0.77,0.57,9.94,9.67,1.03,9.2
ESK_0165,845307,4,194,2017,1,1,1,house,Südstadt,48.991836,8.410171,2.43,2.48,8.5,8.6,8.7,8.7,senior_level,14,37.55,3.5,2.6,1.74,11.53,11.32,3.09,8.8
ESK_0166,876502,3,207,2016,2,1,1,house,Oststadt,49.012203,8.433121,2.1,2.59,7.3,8.1,8.5,7.7,senior_level,19,34.78,2.07,3.47,2.23,9.13,8.99,3.48,8.4
ESK_0167,650000,5,189,1973,1,1,0,house,Innenstadt-West,49.016922,8.408416,0.49,1.19,7.9,7.6,8.5,9.9,mid_level,9,35.14,0.72,1.88,1.17,8.81,8.58,1.69,9.0
ESK_0168,650000,2,147,2014,1,0,1,apartment,Weststadt,48.996946,8.370235,3.09,2.23,8.1,8.8,9.4,8.8,senior_level,12,38.46,4.14,1.75,2.68,11.8,11.48,2.25,8.3
ESK_0169,650000,3,230,2017,2,1,1,house,Südstadt,48.985878,8.392972,3.17,2.77,7.8,8.6,8.8,8.9,mid_level,17,38.71,4.35,2.61,2.47,12.43,12.18,3.23,8.2
ESK_0170,483071,2,81,1975,0,0,1,apartment,Innenstadt-West,49.003382,8.396769,1.25,1.04,7.9,8.3,8.5,10.0,mid_level,9,36.87,2.42,1.01,0.64,10.48,10.22,1.48,8.8
ESK_0171,650000,4,141,2015,1,1,0,house,Weststadt,49.003538,8.39155,1.44,0.99,8.4,9.4,9.0,8.9,senior_level,11,37.04,2.59,0.73,0.96,10.57,10.29,1.29,9.0
ESK_0172,900000,3,183,2017,0,1,1,house,Südstadt,49.001961,8.409866,1.33,1.63,8.7,8.0,9.0,8.9,senior_level,15,36.56,2.37,1.92,0.71,10.43,10.21,2.25,8.8
ESK_0173,650000,3,98,2015,1,0,1,apartment,Durlach,49.002769,8.485728,6.05,6.43,6.7,9.6,8.8,7.5,senior_level,24,34.27,5.96,7.32,6.0,10.84,10.88,7.42,7.2
ESK_0174,528539,4,121,1980,1,0,1,apartment,Weststadt,48.99472,8.375257,2.97,2.19,8.8,8.6,9.2,9.2,mid_level,13,38.48,4.08,1.75,2.48,11.89,11.58,2.33,8.9
ESK_0175,650000,2,98,2007,1,0,0,apartment,Südstadt,49.000262,8.412695,1.58,1.9,8.1,8.3,9.0,9.0,senior_level,13,36.63,2.57,2.18,0.99,10.58,10.37,2.53,8.7
ESK_0176,650000,4,116,2012,0,0,0,apartment,Durlach,48.985353,8.479002,6.27,6.61,6.9,9.2,9.0,7.6,senior_level,23,36.26,6.55,7.29,5.99,12.54,12.54,7.55,7.2
ESK_0177,650000,4,235,1991,1,1,0,house,Südstadt,48.999463,8.394017,1.72,1.36,8.4,8.8,8.8,8.8,mid_level,14,37.35,2.9,1.21,1.09,10.95,10.69,1.78,8.9
ESK_0178,981160,4,248,2020,1,1,1,house,Durlach,49.000736,8.462648,4.48,4.87,7.0,9.4,8.8,7.8,executive,25,35.07,4.57,5.68,4.35,10.6,10.57,5.82,7.9
ESK_0179,450000,3,133,2007,1,0,1,apartment,Mühlburg,49.005848,8.36296,3.14,2.19,7.3,8.1,7.8,7.5,mid_level,18,37.89,3.96,1.7,2.97,11.14,10.78,1.91,7.7
ESK_0180,650000,2,84,2001,1,0,1,apartment,Durlach,48.986841,8.460954,5.07,5.41,6.6,9.5,9.1,7.4,senior_level,25,36.55,5.49,6.01,4.74,12.1,12.05,6.3,7.3
ESK_0181,1056693,3,222,2000,1,1,1,house,Südstadt,48.99465,8.4032,2.09,1.98,8.3,8.5,8.9,9.0,executive,15,37.5,3.23,2.03,1.36,11.32,11.08,2.55,8.8
ESK_0182,1295573,4,244,2005,2,1,1,house,Südstadt,48.991177,8.402468,2.48,2.31,8.0,8.8,8.8,8.6,executive,14,37.87,3.62,2.32,1.75,11.7,11.47,2.87,8.8
ESK_0183,542719,3,144,1981,1,1,1,house,Mühlburg,49.022014,8.384457,1.74,1.4,6.6,8.4,7.9,7.4,mid_level,21,35.54,1.89,1.46,2.19,8.83,8.5,0.84,8.3
ESK_0184,650000,3,243,1982,1,1,0,house,Südstadt,48.993655,8.408563,2.22,2.25,8.5,8.6,9.1,8.8,mid_level,17,37.42,3.3,2.37,1.51,11.35,11.14,2.86,8.9
ESK_0185,600135,3,149,2010,1,0,1,apartment,Oststadt,48.99823,8.418503,1.98,2.32,7.0,7.9,8.2,7.7,mid_level,18,36.64,2.85,2.66,1.45,10.75,10.56,3.01,8.2
ESK_0186,650000,2,85,2024,1,0,0,apartment,Weststadt,48.999749,8.389703,1.86,1.34,8.6,9.1,9.1,8.3,senior_level,14,37.47,3.02,1.06,1.29,11.01,10.74,1.67,8.9
ESK_0187,900000,3,198,2022,2,0,0,house,Weststadt,49.007521,8.391199,1.16,0.74,8.7,9.4,9.0,8.9,senior_level,13,36.67,2.24,0.42,0.91,10.16,9.87,0.88,9.1
ESK_0188,650000,4,244,2005,1,1,1,house,Innenstadt-West,49.007163,8.383462,1.68,0.86,7.7,7.8,8.6,9.3,mid_level,10,36.99,2.66,0.26,1.48,10.38,10.08,0.83,8.7
ESK_0189,752291,3,150,2005,1,0,1,apartment,Weststadt,49.010144,8.39584,0.72,0.77,8.2,9.2,9.4,8.4,senior_level,14,36.25,1.8,0.75,0.68,9.78,9.5,0.89,9.1
ESK_0190,921910,3,175,2004,1,1,1,house,Weststadt,49.001119,8.370474,2.83,1.92,8.9,8.9,9.2,8.6,executive,13,38.05,3.81,1.41,2.51,11.37,11.04,1.85,9.0
ESK_0191,509559,3,110,1975,1,0,1,apartment,Südstadt,48.995272,8.395601,2.12,1.79,8.6,8.9,8.5,9.3,mid_level,15,37.7,3.3,1.68,1.42,11.37,11.12,2.26,8.8
ESK_0192,856308,3,222,2011,1,1,1,house,Oststadt,49.010759,8.430009,1.89,2.4,7.3,7.9,8.3,7.5,senior_level,17,35.02,2.0,3.23,1.97,9.3,9.15,3.27,8.4
ESK_0193,1085127,3,187,2020,2,1,1,house,Weststadt,49.008259,8.370345,2.55,1.63,8.4,9.3,8.9,9.2,executive,12,37.38,3.36,1.13,2.44,10.65,10.31,1.31,9.0
ESK_0194,936105,4,148,2021,1,1,1,house,Innenstadt-West,49.004098,8.405276,1.04,1.23,7.2,7.6,8.7,9.1,executive,9,36.5,2.17,1.52,0.33,10.26,10.02,1.84,8.6
ESK_0195,650000,3,109,1992,1,0,1,apartment,Südstadt,48.995432,8.411835,2.07,2.23,8.4,8.4,8.8,8.9,senior_level,16,37.14,3.1,2.42,1.41,11.12,10.91,2.86,8.7
ESK_0196,725186,3,174,2019,2,0,1,house,Oststadt,49.008638,8.428683,1.85,2.36,6.8,7.7,8.2,7.7,senior_level,17,35.28,2.11,3.13,1.83,9.54,9.38,3.21,8.3
ESK_0197,1116303,4,218,2022,1,1,1,house,Weststadt,49.000713,8.392482,1.66,1.24,8.3,9.0,9.2,8.3,executive,14,37.28,2.83,1.03,1.07,10.85,10.58,1.61,8.9
ESK_0198,900000,4,135,2020,1,1,1,house,Durlach,48.994314,8.485194,6.26,6.63,7.1,9.6,9.1,7.4,executive,27,35.17,6.34,7.43,6.11,11.71,11.74,7.6,7.4
ESK_0199,650000,3,113,2022,1,0,0,apartment,Weststadt,49.008293,8.396447,0.81,0.79,8.5,9.0,9.4,8.7,senior_level,12,36.41,1.95,0.78,0.55,9.96,9.69,1.05,9.2
ESK_0200,519746,3,125,1975,1,1,1,house,Weststadt,49.002195,8.389433,1.66,1.12,8.6,8.6,9.1,9.1,mid_level,12,37.25,2.8,0.79,1.16,10.76,10.48,1.4,9.0
ESK_0201,650000,3,129,2010,1,1,1,house,Mühlburg,49.016181,8.364635,2.92,2.1,6.3,7.9,8.1,7.8,senior_level,18,36.86,3.42,1.74,3.03,10.08,9.71,1.54,8.2
ESK_0202,825273,4,222,2019,2,1,0,house,Durlach,48.999856,8.473653,5.27,5.65,7.1,9.4,8.8,7.2,senior_level,27,34.87,5.31,6.49,5.16,10.88,10.88,6.63,7.3
ESK_0203,650000,4,121,2017,0,0,1,apartment,Durlach,49.002565,8.479961,5.64,6.02,6.8,8.9,8.9,7.2,senior_level,24,34.43,5.58,6.9,5.58,10.72,10.75,7.01,7.1
ESK_0204,650000,4,170,1995,1,1,1,house,Südstadt,49.003157,8.403212,1.14,1.21,8.2,8.6,8.9,8.7,mid_level,15,36.67,2.3,1.42,0.42,10.39,10.15,1.8,8.8
ESK_0205,900000,2,134,2021,1,0,1,apartment,Durlach,48.993662,8.465554,4.97,5.34,7.3,9.4,8.8,7.2,executive,25,35.73,5.21,6.06,4.75,11.41,11.38,6.28,7.8
ESK_0206,682169,4,135,2011,1,0,1,apartment,Weststadt,49.002305,8.396654,1.36,1.13,8.4,9.2,9.0,9.0,senior_level,13,36.98,2.54,1.08,0.72,10.6,10.34,1.58,8.9
ESK_0207,900000,4,127,1991,1,0,1,apartment,Durlach,49.003745,8.482,5.76,6.14,6.8,9.7,9.2,7.8,executive,25,34.26,5.66,7.04,5.72,10.64,10.68,7.13,7.3
ESK_0208,650000,5,212,2005,0,1,1,house,Weststadt,48.995604,8.379366,2.69,1.96,8.6,9.4,9.3,8.9,mid_level,14,38.25,3.82,1.55,2.17,11.69,11.39,2.15,9.0
ESK_0209,650000,4,241,2015,1,1,1,house,Durlach,48.993246,8.478422,5.85,6.21,6.9,9.2,9.2,7.5,mid_level,27,35.44,5.99,6.98,5.66,11.68,11.69,7.17,7.3
ESK_0210,1212107,3,240,2017,0,1,1,house,Südstadt,49.003984,8.412985,1.22,1.66,8.3,8.7,9.0,8.9,executive,14,36.25,2.16,2.06,0.75,10.17,9.96,2.31,8.9
ESK_0211,450000,3,82,2012,1,0,1,apartment,Weststadt,49.005595,8.383587,1.75,0.96,8.9,9.1,9.5,9.2,mid_level,12,37.13,2.77,0.4,1.47,10.54,10.24,1.0,9.1
ESK_0212,576601,3,129,1998,1,0,0,apartment,Oststadt,49.010852,8.407357,0.36,1.17,7.6,8.4,8.4,7.7,mid_level,19,35.77,1.4,1.59,0.51,9.49,9.26,1.64,8.7
ESK_0213,900000,5,124,2022,1,1,1,house,Oststadt,49.001933,8.427123,2.09,2.53,6.8,7.8,8.0,8.5,executive,19,36.0,2.67,3.11,1.8,10.29,10.13,3.34,8.3
ESK_0214,646644,3,150,1989,0,1,0,house,Oststadt,49.016759,8.407553,0.44,1.17,7.2,8.5,8.1,7.6,mid_level,16,35.19,0.75,1.81,1.13,8.85,8.61,1.62,8.7
ESK_0215,650000,4,168,2005,1,0,0,house,Weststadt,48.998145,8.388917,2.04,1.5,8.1,8.8,9.4,8.5,mid_level,10,37.66,3.2,1.22,1.45,11.2,10.92,1.83,8.9
ESK_0216,465990,3,115,2015,1,0,0,apartment,Südstadt,48.991048,8.404902,2.49,2.38,8.6,8.4,9.1,8.9,mid_level,16,37.8,3.61,2.43,1.76,11.68,11.46,2.96,8.7
ESK_0217,900000,5,206,2004,0,0,1,house,Südstadt,48.992276,8.393722,2.47,2.09,8.6,8.0,8.8,9.0,senior_level,16,38.06,3.66,1.94,1.78,11.73,11.47,2.54,8.8
ESK_0218,900000,3,211,2011,1,1,1,house,Innenstadt-West,49.012741,8.402742,0.14,1.07,7.5,8.0,8.5,9.9,senior_level,8,35.75,1.3,1.31,0.65,9.36,9.11,1.27,9.0
ESK_0219,497282,4,141,1972,1,0,1,house,Mühlburg,49.023646,8.377248,2.28,1.78,7.2,8.7,8.0,7.4,mid_level,19,35.66,2.41,1.75,2.68,8.9,8.55,1.19,8.5
ESK_0220,900000,3,92,2018,1,0,0,apartment,Durlach,48.991748,8.459811,4.7,5.06,6.7,9.0,8.7,7.9,executive,26,36.08,5.03,5.73,4.43,11.55,11.5,5.98,7.7
ESK_0221,900000,3,183,2023,0,1,0,house,Innenstadt-West,49.014005,8.387561,1.23,0.72,7.9,7.8,8.5,9.8,senior_level,7,36.18,1.95,0.58,1.42,9.57,9.26,0.15,8.8
ESK_0222,650000,3,138,2002,0,0,0,apartment,Südstadt,48.9936,8.405907,2.2,2.17,8.2,8.6,9.0,9.0,senior_level,15,37.52,3.32,2.25,1.49,11.39,11.17,2.76,8.7
ESK_0223,900000,3,123,2012,1,0,1,house,Weststadt,48.994698,8.386535,2.45,1.88,8.6,8.8,9.0,8.7,executive,13,38.08,3.62,1.58,1.85,11.62,11.34,2.2,8.9
ESK_0224,497890,3,120,1992,2,0,1,apartment,Südstadt,49.000015,8.391765,1.75,1.3,8.4,8.4,8.6,8.8,mid_level,15,37.38,2.92,1.08,1.16,10.94,10.67,1.67,8.7
ESK_0225,886461,4,205,2003,1,1,1,house,Südstadt,48.991644,8.396813,2.48,2.17,8.1,8.9,8.7,9.0,senior_level,16,38.02,3.65,2.08,1.77,11.74,11.5,2.67,8.8
ESK_0226,600253,2,102,1997,1,0,1,apartment,Innenstadt-West,49.005938,8.396069,1.03,0.87,7.9,7.5,8.4,9.9,mid_level,6,36.65,2.19,0.82,0.57,10.22,9.95,1.22,8.6
ESK_0227,1059249,4,185,2005,1,1,1,house,Weststadt,48.997256,8.387856,2.16,1.6,8.6,9.4,9.4,9.1,executive,10,37.78,3.33,1.3,1.58,11.32,11.04,1.92,9.1
ESK_0228,900000,4,236,2023,1,1,0,house,Weststadt,48.998249,8.389906,1.99,1.48,8.2,8.8,9.2,9.1,senior_level,10,37.61,3.16,1.22,1.39,11.17,10.89,1.83,8.9
ESK_0229,577282,4,176,1990,1,1,1,house,Durlach,48.995029,8.465838,4.93,5.3,6.7,8.7,9.0,7.1,mid_level,26,35.58,5.13,6.04,4.72,11.27,11.24,6.24,7.7
ESK_0230,930879,3,153,2020,0,0,1,house,Innenstadt-West,49.012994,8.395326,0.66,0.82,7.6,7.5,8.7,9.8,executive,9,35.99,1.58,0.83,0.91,9.49,9.21,0.73,9.0
ESK_0231,650000,3,119,2005,1,0,1,apartment,Innenstadt-West,49.016269,8.389692,1.12,0.9,7.8,7.5,8.3,9.1,senior_level,6,35.88,1.69,0.87,1.46,9.28,8.97,0.36,8.5
ESK_0232,650000,4,237,1984,2,1,1,house,Innenstadt-West,49.003365,8.412683,1.27,1.68,7.8,7.6,8.3,9.1,mid_level,8,36.32,2.22,2.06,0.76,10.24,10.03,2.33,8.6
ESK_0233,1019803,4,170,2012,1,1,0,house,Südstadt,49.001818,8.394637,1.47,1.15,8.4,8.5,8.5,9.0,executive,15,37.1,2.65,1.02,0.87,10.69,10.42,1.56,8.9
ESK_0234,770599,3,174,2000,1,1,1,house,Weststadt,49.007128,8.399135,0.8,0.87,8.4,9.1,9.1,9.1,senior_level,13,36.42,1.97,0.99,0.33,10.03,9.78,1.28,9.3
ESK_0235,900000,4,208,2017,0,1,0,house,Innenstadt-West,49.006469,8.39066,1.26,0.79,7.8,7.3,8.5,9.2,senior_level,10,36.79,2.36,0.45,0.95,10.28,10.0,0.97,8.6
ESK_0236,965252,2,142,2023,2,0,1,apartment,Innenstadt-West,49.003628,8.398073,1.18,1.04,7.4,8.1,8.5,9.7,executive,8,36.8,2.36,1.07,0.55,10.43,10.17,1.51,8.6
ESK_0237,650000,4,110,2010,2,0,0,apartment,Durlach,49.000889,8.461593,4.4,4.79,7.0,9.2,8.9,7.6,senior_level,24,35.08,4.49,5.6,4.28,10.57,10.53,5.75,7.8
ESK_0238,900000,3,131,2009,1,0,1,apartment,Weststadt,48.99944,8.370191,2.94,2.05,8.4,9.3,9.1,9.3,executive,10,38.22,3.95,1.55,2.58,11.55,11.22,2.02,8.9
ESK_0239,1240688,3,201,2005,1,1,1,house,Innenstadt-West,49.01219,8.403641,0.15,1.09,7.2,7.7,8.7,9.9,executive,6,35.77,1.33,1.35,0.59,9.41,9.16,1.34,8.9
ESK_0240,650000,2,96,1993,2,0,1,apartment,Südstadt,48.987005,8.388498,3.16,2.66,7.9,8.9,9.1,8.9,senior_level,13,38.76,4.34,2.44,2.47,12.4,12.13,3.06,8.2
ESK_0241,900000,3,222,2008,0,1,1,house,Weststadt,49.005479,8.381787,1.87,1.04,8.5,8.8,9.3,8.6,senior_level,14,37.21,2.87,0.48,1.61,10.6,10.3,1.04,9.0
ESK_0242,900000,4,149,2005,2,1,0,house,Südstadt,48.995997,8.389517,2.22,1.71,8.0,8.9,8.6,8.7,executive,16,37.85,3.39,1.46,1.59,11.42,11.14,2.08,8.8
ESK_0243,650000,4,141,2015,2,1,0,house,Weststadt,49.003851,8.383263,1.87,1.11,8.3,8.9,9.1,9.0,senior_level,10,37.31,2.93,0.59,1.53,10.73,10.43,1.2,9.0
ESK_0244,900000,3,235,2022,1,1,1,house,Weststadt,49.001838,8.390915,1.62,1.14,8.7,9.3,9.3,9.1,senior_level,12,37.23,2.77,0.87,1.09,10.77,10.49,1.46,9.1
ESK_0245,650000,3,249,2011,1,0,0,house,Weststadt,49.008759,8.380814,1.8,0.92,8.8,9.0,9.3,9.3,mid_level,13,36.93,2.69,0.36,1.68,10.29,9.98,0.73,9.1
ESK_0246,650000,4,123,2011,1,0,0,house,Südstadt,48.993929,8.406563,2.17,2.15,8.2,8.3,8.8,9.0,senior_level,14,37.46,3.28,2.25,1.46,11.35,11.13,2.75,8.8
ESK_0247,900000,3,157,1998,2,0,0,house,Innenstadt-West,49.014618,8.406744,0.22,1.14,7.9,8.1,8.2,9.0,senior_level,8,35.43,1.0,1.65,0.89,9.09,8.85,1.54,8.9
ESK_0248,650000,3,126,2006,1,0,0,apartment,Weststadt,48.994368,8.383922,2.59,1.96,8.7,8.6,9.5,8.5,senior_level,12,38.2,3.75,1.62,2.01,11.71,11.43,2.24,8.8
ESK_0249,900000,4,114,2020,1,0,1,apartment,Südstadt,48.987528,8.388835,3.09,2.6,8.3,8.8,8.7,9.3,executive,15,38.7,4.27,2.39,2.41,12.33,12.07,3.01,8.2
ESK_0250,1274745,3,224,2022,0,1,1,house,Weststadt,48.994494,8.380883,2.71,2.02,8.8,9.5,9.3,8.6,executive,13,38.3,3.86,1.64,2.16,11.77,11.48,2.25,9.1
ESK_0251,593464,4,103,2020,1,0,0,apartment,Innenstadt-West,49.010624,8.390609,1.05,0.67,7.3,8.0,8.5,9.3,mid_level,7,36.39,2.01,0.4,1.04,9.84,9.55,0.56,8.6
ESK_0252,650000,4,215,1983,0,0,1,house,Weststadt,49.01063,8.397552,0.59,0.82,8.3,8.5,9.2,9.2,mid_level,14,36.14,1.69,0.88,0.61,9.69,9.42,0.97,9.2
ESK_0253,880519,4,171,2005,0,1,0,house,Innenstadt-West,49.009289,8.385552,1.45,0.66,8.0,7.7,8.5,9.9,senior_level,10,36.71,2.38,0.05,1.35,10.11,9.81,0.58,8.8
ESK_0254,900000,4,209,2008,0,1,0,house,Innenstadt-West,49.015249,8.392808,0.87,0.87,7.7,8.0,8.7,9.9,senior_level,8,35.87,1.56,0.87,1.22,9.31,9.02,0.53,9.1
ESK_0255,650000,4,200,1991,1,1,1,house,Durlach,48.996783,8.462799,4.64,5.02,6.8,9.0,8.9,7.8,mid_level,26,35.48,4.83,5.78,4.46,11.04,11.0,5.97,7.9
ESK_0256,650000,3,241,2003,1,1,0,house,Oststadt,49.017509,8.419225,1.17,1.68,7.3,8.4,8.5,8.1,mid_level,19,34.71,0.92,2.62,1.64,8.61,8.42,2.47,8.6
ESK_0257,758171,4,167,2023,0,1,0,house,Südstadt,48.997819,8.401985,1.74,1.65,8.4,8.3,8.9,8.9,senior_level,16,37.23,2.9,1.71,1.02,10.99,10.75,2.21,8.8
ESK_0258,650000,4,246,1995,2,1,0,house,Südstadt,48.993246,8.416042,2.4,2.61,7.8,8.5,8.6,8.6,mid_level,17,37.22,3.37,2.81,1.77,11.32,11.13,3.24,8.6
ESK_0259,682820,4,179,2010,1,1,1,house,Oststadt,49.007042,8.434574,2.31,2.78,6.9,7.7,8.2,8.0,senior_level,16,35.25,2.53,3.56,2.25,9.7,9.57,3.67,8.3
ESK_0260,650000,4,211,1973,1,1,1,house,Oststadt,49.003947,8.409876,1.12,1.51,7.0,8.3,8.3,7.6,mid_level,18,36.36,2.15,1.84,0.56,10.21,9.99,2.12,8.4
ESK_0261,650000,4,197,1986,1,1,1,house,Oststadt,49.005926,8.41389,1.08,1.59,6.9,7.8,8.5,8.4,mid_level,17,36.03,1.95,2.08,0.75,9.94,9.74,2.27,8.4
ESK_0262,975691,3,171,2016,2,1,1,house,Südstadt,48.988904,8.408355,2.74,2.7,7.7,8.9,8.6,9.3,executive,15,37.9,3.83,2.77,2.03,11.88,11.66,3.29,8.8
ESK_0263,854183,3,199,1993,0,0,0,house,Südstadt,49.002477,8.388387,1.68,1.1,8.5,8.9,9.0,8.7,senior_level,15,37.26,2.81,0.74,1.22,10.75,10.47,1.35,9.0
ESK_0264,650000,5,181,2024,1,1,1,house,Weststadt,48.999289,8.385106,2.11,1.45,8.6,8.7,9.3,8.9,mid_level,11,37.68,3.24,1.07,1.6,11.17,10.88,1.69,9.0
ESK_0265,597668,4,130,1998,0,0,1,house,Weststadt,49.006087,8.392911,1.17,0.83,8.6,8.9,9.4,9.3,mid_level,14,36.75,2.3,0.61,0.79,10.27,10.0,1.08,9.1
ESK_0266,650000,4,188,1972,2,1,1,house,Weststadt,48.997883,8.384233,2.27,1.61,8.1,8.5,9.0,8.8,mid_level,13,37.85,3.41,1.23,1.74,11.33,11.04,1.85,8.8
ESK_0267,601171,3,137,1995,1,1,0,house,Weststadt,49.012919,8.395265,0.67,0.82,8.7,9.2,8.9,9.2,mid_level,10,36.0,1.59,0.82,0.91,9.49,9.22,0.73,9.3
ESK_0268,681870,4,174,2017,1,0,1,house,Südstadt,48.998448,8.393096,1.86,1.46,8.7,8.5,9.1,8.6,senior_level,15,37.48,3.03,1.28,1.22,11.08,10.82,1.87,8.9
ESK_0269,790967,3,163,2020,1,1,1,house,Weststadt,48.995019,8.388526,2.35,1.82,8.3,9.2,9.5,9.0,senior_level,12,37.98,3.52,1.56,1.72,11.54,11.27,2.18,9.0
ESK_0270,650000,4,155,2002,2,1,1,house,Innenstadt-West,49.013794,8.401368,0.23,1.06,7.7,7.4,8.4,9.5,mid_level,8,35.7,1.24,1.26,0.79,9.28,9.02,1.15,8.9
ESK_0271,731022,3,141,2024,2,1,1,house,Innenstadt-West,49.018931,8.387057,1.41,1.13,7.4,8.0,8.5,9.4,senior_level,7,35.73,1.76,1.12,1.81,9.07,8.76,0.5,8.7
ESK_0272,823564,4,147,2019,0,1,1,house,Innenstadt-West,49.010512,8.387844,1.25,0.64,7.3,8.0,8.5,9.8,senior_level,9,36.5,2.17,0.23,1.22,9.92,9.63,0.47,8.7
ESK_0273,900000,4,187,2007,0,1,0,house,Innenstadt-West,49.008764,8.386995,1.37,0.66,7.0,7.9,8.8,9.2,senior_level,8,36.7,2.35,0.09,1.24,10.13,9.83,0.65,8.6
ESK_0274,672869,4,146,1993,2,1,1,house,Weststadt,49.006514,8.386516,1.51,0.8,8.8,8.9,9.3,9.2,senior_level,12,36.94,2.55,0.27,1.25,10.37,10.08,0.89,9.1
ESK_0275,832564,4,196,2011,1,0,0,house,Weststadt,48.999376,8.375959,2.6,1.76,8.5,8.7,9.1,8.7,senior_level,13,38.01,3.65,1.28,2.19,11.39,11.08,1.82,8.9
ESK_0276,900000,2,91,2022,1,0,1,apartment,Weststadt,49.006988,8.390066,1.27,0.76,8.7,9.4,9.5,9.0,executive,11,36.76,2.34,0.38,0.99,10.24,9.95,0.9,9.1
ESK_0277,450000,2,90,1982,1,0,1,apartment,Oststadt,48.998984,8.411932,1.69,1.95,7.6,7.5,8.3,8.2,mid_level,20,36.78,2.71,2.2,1.07,10.73,10.52,2.58,8.3
ESK_0278,842762,4,140,2001,1,0,0,house,Innenstadt-West,49.015075,8.385512,1.39,0.79,7.4,7.9,8.6,9.4,senior_level,7,36.16,2.03,0.69,1.61,9.51,9.2,0.06,8.7
ESK_0279,650000,4,240,1993,2,1,1,house,Weststadt,49.000265,8.389082,1.84,1.3,8.1,9.2,9.3,8.3,mid_level,13,37.45,2.99,0.99,1.3,10.97,10.69,1.6,8.9
ESK_0280,848293,4,191,2023,2,1,0,house,Oststadt,49.003348,8.429372,2.14,2.59,6.8,8.4,8.2,7.6,senior_level,19,35.78,2.62,3.24,1.91,10.12,9.97,3.42,8.3
ESK_0281,650000,3,178,2017,1,1,1,house,Weststadt,48.998871,8.379181,2.45,1.67,8.9,8.8,9.4,8.4,mid_level,13,37.94,3.54,1.22,2.0,11.36,11.05,1.8,9.0
ESK_0282,450000,2,130,1996,1,0,0,apartment,Durlach,48.997954,8.464769,4.73,5.11,7.3,9.4,9.1,7.4,mid_level,25,35.3,4.87,5.89,4.56,10.93,10.9,6.06,7.9
ESK_0283,900000,4,108,2013,1,0,1,apartment,Südstadt,48.994544,8.411792,2.16,2.3,8.0,8.1,8.9,8.8,executive,14,37.23,3.2,2.48,1.5,11.22,11.01,2.93,8.6
ESK_0284,900000,4,232,2000,2,1,1,house,Weststadt,49.000996,8.395875,1.51,1.23,8.2,8.6,9.1,8.8,senior_level,11,37.13,2.69,1.15,0.87,10.75,10.49,1.68,8.9
ESK_0285,773294,3,172,2013,1,1,1,house,Weststadt,49.003252,8.370998,2.68,1.77,8.4,9.3,9.4,9.2,senior_level,13,37.83,3.63,1.25,2.42,11.14,10.81,1.64,9.0
ESK_0286,650000,3,102,2021,1,0,0,apartment,Weststadt,48.999537,8.371382,2.86,1.98,8.6,9.0,9.4,8.4,senior_level,12,38.17,3.88,1.48,2.5,11.5,11.18,1.96,8.8
ESK_0287,650000,4,131,2005,1,0,1,apartment,Südstadt,48.990628,8.412667,2.6,2.68,7.8,8.7,8.9,8.7,senior_level,16,37.59,3.64,2.82,1.92,11.64,11.44,3.31,8.6
ESK_0288,450000,3,86,2023,1,0,1,apartment,Oststadt,49.000161,8.411979,1.57,1.87,7.2,8.4,8.5,7.5,mid_level,19,36.67,2.58,2.14,0.96,10.6,10.39,2.5,8.4
ESK_0289,650000,2,118,2024,2,0,0,apartment,Südstadt,49.004777,8.402497,0.97,1.06,8.0,8.0,8.7,8.7,senior_level,16,36.53,2.14,1.3,0.25,10.23,9.98,1.64,8.9
ESK_0290,541471,3,129,1988,1,0,0,house,Südstadt,49.00155,8.388018,1.78,1.19,8.1,9.0,9.0,9.2,mid_level,15,37.36,2.91,0.83,1.29,10.86,10.58,1.45,9.0
ESK_0291,650000,3,139,2023,1,0,0,apartment,Oststadt,49.004786,8.426267,1.86,2.34,6.7,8.3,8.0,8.4,senior_level,16,35.74,2.37,2.99,1.66,9.97,9.81,3.16,8.3
ESK_0292,756093,4,148,2000,2,1,0,house,Weststadt,49.003531,8.392136,1.42,1.0,9.0,9.1,9.2,9.2,senior_level,14,37.02,2.57,0.76,0.92,10.56,10.28,1.31,9.1
ESK_0293,462891,3,138,1991,1,0,1,apartment,Durlach,48.993309,8.474967,5.61,5.97,7.0,8.8,8.9,7.4,mid_level,23,35.52,5.78,6.73,5.41,11.61,11.6,6.93,7.2
ESK_0294,650000,3,171,1974,0,1,0,house,Weststadt,49.013113,8.398609,0.42,0.93,8.4,9.3,9.1,8.9,mid_level,11,35.86,1.42,1.05,0.78,9.4,9.14,0.96,9.3
ESK_0295,650000,4,85,2009,1,0,1,apartment,Weststadt,49.012761,8.397529,0.51,0.88,8.1,9.1,9.4,8.7,senior_level,11,35.93,1.5,0.96,0.79,9.46,9.19,0.89,9.1
ESK_0296,709587,4,167,2021,1,1,1,house,Weststadt,48.99875,8.378997,2.47,1.69,8.1,9.4,9.1,9.0,senior_level,10,37.96,3.56,1.23,2.02,11.37,11.07,1.82,9.0
ESK_0297,650000,3,130,2009,1,1,0,house,Innenstadt-West,49.005322,8.384672,1.7,0.94,7.4,7.5,8.7,9.3,mid_level,6,37.12,2.74,0.41,1.4,10.54,10.25,1.02,8.6
ESK_0298,677445,3,131,2022,1,1,1,house,Innenstadt-West,49.010631,8.404441,0.31,1.08,7.9,7.4,8.2,9.5,senior_level,8,35.89,1.47,1.37,0.42,9.56,9.32,1.44,8.9
ESK_0299,650000,4,131,1995,1,1,1,house,Innenstadt-West,49.00009,8.392421,1.72,1.3,7.5,7.7,8.7,9.6,mid_level,9,37.34,2.89,1.09,1.12,10.92,10.65,1.68,8.7
ESK_0300,650000,3,146,2017,1,0,1,apartment,Durlach,48.991237,8.470211,5.4,5.75,6.9,8.8,8.9,7.7,senior_level,25,35.86,5.64,6.46,5.16,11.75,11.73,6.69,7.2
ESK_0301,650000,4,147,2007,1,1,0,house,Durlach,48.99154,8.476242,5.78,6.13,7.2,9.7,9.0,7.5,senior_level,27,35.67,5.97,6.87,5.56,11.82,11.82,7.09,7.4
ESK_0302,648184,3,120,1971,0,1,1,house,Innenstadt-West,49.013146,8.390565,1.01,0.72,7.1,8.0,8.7,9.9,mid_level,8,36.15,1.83,0.59,1.18,9.58,9.29,0.39,8.7
ESK_0303,900000,4,185,2003,0,1,1,house,Durlach,49.001511,8.469749,4.95,5.33,6.7,9.3,9.1,7.2,executive,26,34.8,4.97,6.18,4.85,10.63,10.62,6.31,7.8
ESK_0304,1271604,4,223,2000,0,1,1,house,Weststadt,49.001122,8.390412,1.7,1.21,8.8,9.2,9.5,9.0,executive,11,37.32,2.86,0.93,1.16,10.85,10.58,1.53,9.1
ESK_0305,650000,4,133,2020,2,1,0,house,Weststadt,49.007924,8.375786,2.17,1.27,8.7,9.2,9.4,8.9,senior_level,10,37.2,3.04,0.74,2.04,10.52,10.19,1.02,9.1
ESK_0306,734323,3,152,2011,1,0,1,house,Weststadt,49.008423,8.375514,2.18,1.27,8.3,9.3,9.1,8.8,senior_level,13,37.17,3.03,0.75,2.06,10.48,10.15,1.0,9.0
ESK_0307,900000,3,157,2019,2,1,1,house,Durlach,49.000502,8.461305,4.39,4.78,6.5,8.7,9.1,7.1,executive,24,35.13,4.5,5.59,4.26,10.61,10.57,5.74,7.7
ESK_0308,900000,4,222,2019,1,1,0,house,Innenstadt-West,49.005745,8.388388,1.45,0.84,7.8,7.7,8.8,9.5,senior_level,9,36.94,2.52,0.4,1.12,10.41,10.12,0.99,8.7
ESK_0309,650000,4,98,1999,1,0,1,apartment,Südstadt,48.993499,8.399486,2.24,2.02,8.0,8.7,8.7,9.1,senior_level,17,37.74,3.41,1.98,1.52,11.5,11.26,2.55,8.7
ESK_0310,650000,3,100,2014,2,0,1,apartment,Weststadt,49.002085,8.399798,1.3,1.2,8.2,8.8,9.0,8.4,senior_level,12,36.89,2.48,1.27,0.61,10.56,10.31,1.73,8.8
ESK_0311,608975,3,149,2009,1,1,0,house,Weststadt,48.997438,8.38642,2.21,1.61,9.0,8.9,9.3,8.4,mid_level,13,37.82,3.36,1.28,1.64,11.33,11.05,1.9,9.0
ESK_0312,650000,3,142,2017,2,0,1,apartment,Mühlburg,49.016513,8.358783,3.34,2.52,6.6,7.9,8.2,8.1,senior_level,21,37.07,3.83,2.14,3.45,10.27,9.88,1.97,7.7
ESK_0313,578630,4,125,1998,1,1,1,house,Südstadt,48.988681,8.410694,2.79,2.79,7.9,9.0,8.7,9.5,mid_level,16,37.85,3.85,2.89,2.09,11.87,11.67,3.4,8.8
ESK_0314,732282,3,186,2011,1,1,0,house,Durlach,48.990758,8.457463,4.62,4.97,6.7,9.1,9.0,7.8,senior_level,23,36.24,4.99,5.6,4.31,11.63,11.57,5.87,7.9
ESK_0315,900000,5,124,2005,1,1,0,house,Südstadt,48.99757,8.394455,1.9,1.55,8.7,8.9,8.5,8.8,executive,15,37.52,3.09,1.41,1.24,11.15,10.89,1.99,8.9
ESK_0316,650000,3,126,2006,1,0,1,apartment,Weststadt,49.006577,8.389211,1.34,0.78,8.2,8.8,9.5,8.5,senior_level,11,36.83,2.41,0.36,1.06,10.3,10.01,0.92,8.8
ESK_0317,900000,3,127,1992,1,0,1,apartment,Südstadt,48.998275,8.391547,1.93,1.47,8.0,8.6,8.7,9.4,executive,14,37.55,3.1,1.25,1.31,11.13,10.86,1.86,8.8
ESK_0318,707597,4,181,2009,1,1,1,house,Durlach,48.994559,8.47971,5.88,6.24,6.8,9.2,9.2,7.7,senior_level,26,35.27,5.99,7.03,5.71,11.57,11.58,7.21,7.3
ESK_0319,650000,4,149,2002,0,1,1,house,Mühlburg,49.013537,8.358335,3.36,2.48,6.8,8.5,8.1,7.9,senior_level,19,37.36,3.94,2.07,3.39,10.56,10.19,1.99,7.9
ESK_0320,650000,3,169,1971,1,1,1,house,Südstadt,48.999308,8.417198,1.82,2.18,8.6,8.5,8.9,9.5,mid_level,13,36.58,2.71,2.53,1.3,10.64,10.45,2.86,8.9
ESK_0321,650000,3,221,2000,1,1,1,house,Weststadt,49.008409,8.378455,1.97,1.08,8.6,8.6,9.3,8.9,mid_level,13,37.06,2.85,0.54,1.85,10.39,10.07,0.85,9.0
ESK_0322,650000,3,146,1996,2,0,0,apartment,Mühlburg,49.010017,8.37029,2.52,1.61,7.2,8.0,8.0,7.6,senior_level,22,37.22,3.27,1.14,2.46,10.48,10.14,1.22,8.3
ESK_0323,650000,3,131,2009,0,0,0,apartment,Durlach,48.99858,8.474829,5.4,5.77,7.4,9.2,9.1,7.4,senior_level,24,34.97,5.45,6.59,5.27,11.04,11.04,6.74,7.3
ESK_0324,650000,3,123,2023,1,0,0,apartment,Südstadt,49.000884,8.406756,1.4,1.55,8.4,8.7,8.6,9.4,senior_level,17,36.77,2.51,1.77,0.71,10.59,10.36,2.16,8.8
ESK_0325,650000,3,230,1998,1,1,1,house,Weststadt,49.011652,8.372909,2.3,1.43,9.0,9.1,9.1,9.1,mid_level,11,36.96,3.02,0.99,2.31,10.23,9.89,0.98,9.1
ESK_0326,650000,3,120,2009,2,0,0,apartment,Südstadt,48.991939,8.400954,2.4,2.21,8.2,8.3,8.5,9.1,senior_level,15,37.85,3.55,2.19,1.68,11.64,11.41,2.75,8.6
ESK_0327,633085,3,141,2023,2,0,1,apartment,Südstadt,49.004339,8.405136,1.01,1.21,7.8,8.3,8.8,9.2,mid_level,13,36.49,2.14,1.5,0.3,10.23,10.0,1.82,8.7
ESK_0328,1476263,3,236,2002,0,1,0,house,Innenstadt-West,49.010007,8.398419,0.58,0.84,7.1,8.1,8.3,9.7,executive,6,36.17,1.71,0.93,0.52,9.74,9.48,1.06,8.9
ESK_0329,650000,3,117,2017,1,0,1,apartment,Mühlburg,49.019223,8.355204,3.65,2.86,7.1,8.1,8.0,7.3,senior_level,20,36.96,4.04,2.51,3.79,10.16,9.77,2.28,7.7
ESK_0330,900000,4,160,2023,1,0,0,house,Mühlburg,49.010565,8.366863,2.76,1.85,6.5,8.0,8.2,7.4,executive,21,37.3,3.47,1.39,2.72,10.54,10.19,1.43,8.3
ESK_0331,900000,3,233,2022,1,1,1,house,Weststadt,49.009207,8.391672,1.04,0.69,8.4,8.8,9.2,8.4,senior_level,13,36.49,2.07,0.43,0.91,9.97,9.68,0.74,8.9
ESK_0332,900000,5,221,2005,0,1,1,house,Weststadt,49.00689,8.375486,2.23,1.32,8.9,9.3,9.5,9.2,senior_level,13,37.31,3.13,0.78,2.06,10.63,10.31,1.12,9.2
ESK_0333,834088,3,176,2015,0,1,1,house,Weststadt,48.996088,8.387069,2.3,1.73,8.2,9.0,9.3,8.7,senior_level,10,37.92,3.47,1.43,1.71,11.46,11.18,2.05,8.9
ESK_0334,738845,3,178,2015,1,1,0,house,Südstadt,48.990929,8.415889,2.64,2.8,8.3,8.3,9.0,9.1,senior_level,15,37.46,3.62,2.97,1.99,11.58,11.38,3.43,8.8
ESK_0335,1254365,3,227,1998,2,1,0,house,Weststadt,49.003991,8.392943,1.34,0.96,8.4,9.5,9.0,8.4,executive,12,36.95,2.49,0.75,0.85,10.49,10.22,1.29,9.0
ESK_0336,900000,4,137,2019,1,1,1,house,Südstadt,48.995484,8.408008,2.01,2.06,8.1,8.9,8.6,8.9,executive,16,37.26,3.1,2.2,1.31,11.16,10.94,2.67,8.8
ESK_0337,900000,4,142,2012,1,1,1,house,Mühlburg,49.014079,8.37021,2.49,1.65,7.3,7.8,7.8,7.7,executive,19,36.84,3.1,1.27,2.57,10.08,9.73,1.12,8.4
ESK_0338,650000,3,98,2020,1,0,1,apartment,Weststadt,48.995836,8.390429,2.2,1.72,8.1,8.6,9.3,9.1,senior_level,13,37.83,3.38,1.49,1.57,11.41,11.14,2.11,8.8
ESK_0339,743704,5,164,2023,2,1,1,house,Südstadt,49.000685,8.416406,1.66,2.04,8.4,8.3,8.5,8.8,senior_level,16,36.47,2.55,2.41,1.16,10.49,10.3,2.72,8.7
ESK_0340,900000,4,115,2022,1,0,1,apartment,Weststadt,48.994238,8.374191,3.07,2.27,8.1,9.4,9.1,8.7,executive,13,38.57,4.17,1.84,2.57,11.97,11.66,2.4,8.3
ESK_0341,900000,4,199,2017,1,1,1,house,Südstadt,48.990085,8.406931,2.6,2.54,8.4,8.9,8.6,8.9,senior_level,17,37.83,3.7,2.6,1.88,11.76,11.55,3.13,8.8
ESK_0342,650000,5,190,1996,1,0,1,house,Südstadt,48.987497,8.403763,2.88,2.72,8.3,8.7,8.9,8.7,mid_level,14,38.19,4.01,2.72,2.16,12.09,11.86,3.28,8.8
ESK_0343,900000,3,93,1999,2,0,1,apartment,Weststadt,48.996597,8.390286,2.13,1.65,8.8,9.2,9.4,8.4,executive,13,37.76,3.31,1.41,1.51,11.34,11.06,2.02,8.9
ESK_0344,961090,3,195,2002,1,0,0,house,Oststadt,49.003723,8.424213,1.8,2.27,7.6,7.7,8.1,8.3,executive,18,35.91,2.4,2.86,1.54,10.1,9.93,3.06,8.4
ESK_0345,650000,4,197,1984,1,1,1,house,Oststadt,49.000932,8.424378,2.01,2.43,6.7,8.5,8.5,7.6,mid_level,19,36.18,2.69,2.95,1.65,10.41,10.24,3.21,8.4
ESK_0346,1039979,3,200,2005,1,1,0,house,Südstadt,48.990179,8.414362,2.68,2.8,8.2,8.1,9.0,8.8,executive,15,37.58,3.69,2.95,2.02,11.67,11.48,3.42,8.7
ESK_0347,900000,4,229,2015,0,1,0,house,Südstadt,48.995265,8.391217,2.23,1.78,8.1,8.2,8.6,8.6,senior_level,13,37.86,3.41,1.57,1.58,11.46,11.19,2.18,8.7
ESK_0348,650000,4,164,1971,1,1,1,house,Weststadt,48.997444,8.38293,2.37,1.68,8.7,8.7,9.4,8.4,mid_level,13,37.94,3.5,1.29,1.84,11.41,11.12,1.91,8.9
ESK_0349,900000,3,219,2023,2,0,1,house,Oststadt,49.005657,8.423919,1.66,2.16,7.0,7.6,8.2,8.4,senior_level,19,35.73,2.2,2.8,1.48,9.89,9.72,2.96,8.4
ESK_0350,650000,4,139,2021,1,1,1,house,Durlach,48.989543,8.478782,6.04,6.39,6.6,8.7,9.2,7.3,senior_level,26,35.82,6.25,7.12,5.81,12.08,12.09,7.34,7.2
ESK_0351,900000,4,115,2020,0,0,1,apartment,Mühlburg,49.009229,8.362955,3.06,2.13,6.5,8.0,7.8,7.6,executive,21,37.58,3.79,1.67,2.98,10.81,10.45,1.75,7.6
ESK_0352,650000,3,92,2024,2,0,0,apartment,Südstadt,48.986768,8.398267,2.99,2.7,7.8,8.1,8.8,9.4,senior_level,15,38.45,4.16,2.62,2.27,12.25,12.01,3.22,8.6
ESK_0353,490935,3,125,1976,0,0,1,apartment,Oststadt,49.006918,8.426258,1.75,2.26,6.7,8.1,8.5,7.8,mid_level,18,35.53,2.16,2.96,1.65,9.74,9.57,3.08,8.2
ESK_0354,961542,3,201,1993,1,1,1,house,Oststadt,49.014272,8.426449,1.61,2.13,6.9,8.1,8.5,8.5,executive,17,34.79,1.55,3.02,1.85,8.92,8.75,2.98,8.5
ESK_0355,763703,5,202,2012,1,0,1,house,Durlach,48.997687,8.467501,4.92,5.3,6.6,9.6,8.9,8.0,senior_level,25,35.26,5.05,6.09,4.77,11.01,10.98,6.26,7.9
ESK_0356,892971,4,216,1994,1,0,1,house,Weststadt,49.001034,8.383205,2.07,1.34,8.9,9.2,9.2,8.7,senior_level,11,37.59,3.17,0.89,1.63,11.03,10.73,1.51,9.1
ESK_0357,900000,4,200,1998,1,1,1,house,Südstadt,49.002379,8.415134,1.45,1.86,8.2,8.9,8.9,9.4,senior_level,15,36.34,2.35,2.26,0.97,10.32,10.12,2.54,8.9
ESK_0358,801113,3,181,2022,2,1,0,house,Weststadt,49.012599,8.383761,1.51,0.76,8.0,9.4,9.1,8.9,senior_level,13,36.46,2.27,0.44,1.59,9.81,9.5,0.25,9.0
ESK_0359,585870,3,148,1997,1,0,1,apartment,Südstadt,48.991129,8.416866,2.64,2.82,8.0,8.2,9.1,8.9,mid_level,16,37.4,3.61,3.01,2.0,11.55,11.36,3.46,8.6
ESK_0360,650000,3,123,2022,2,1,1,house,Innenstadt-West,49.003242,8.39017,1.53,1.03,7.7,8.1,8.3,9.2,senior_level,9,37.12,2.67,0.71,1.07,10.63,10.35,1.3,8.7
ESK_0361,900000,4,225,2011,2,1,1,house,Innenstadt-West,48.999897,8.401676,1.51,1.44,7.9,8.2,8.3,9.9,senior_level,9,37.04,2.68,1.53,0.79,10.77,10.53,2.0,8.8
ESK_0362,450000,4,83,2018,1,0,1,apartment,Durlach,48.988418,8.481354,6.26,6.61,6.9,9.7,9.0,7.5,mid_level,24,35.88,6.47,7.33,6.03,12.25,12.26,7.56,7.2
ESK_0363,650000,4,143,2019,2,0,1,apartment,Durlach,48.984687,8.458685,5.09,5.41,7.3,8.9,8.9,7.8,senior_level,25,36.84,5.56,5.96,4.71,12.31,12.25,6.28,7.3
ESK_0364,874455,4,196,2006,0,0,1,house,Oststadt,49.002261,8.423233,1.85,2.29,6.9,8.2,8.5,8.0,senior_level,19,36.09,2.52,2.83,1.52,10.27,10.1,3.06,8.4
ESK_0365,969805,5,219,1997,1,0,0,house,Durlach,48.989614,8.466107,5.22,5.57,7.5,9.6,9.1,7.1,executive,24,36.13,5.53,6.24,4.94,11.86,11.83,6.49,7.5
ESK_0366,691852,3,158,2012,0,1,1,house,Südstadt,49.000263,8.412067,1.56,1.87,7.8,8.2,8.8,8.9,senior_level,14,36.65,2.56,2.14,0.96,10.59,10.38,2.5,8.7
ESK_0367,913019,3,127,2015,1,1,1,house,Innenstadt-West,49.010688,8.406906,0.35,1.15,7.9,7.9,8.5,9.6,executive,10,35.8,1.42,1.55,0.48,9.52,9.28,1.61,9.0
ESK_0368,780742,3,210,2022,1,0,0,house,Durlach,48.986525,8.480553,6.31,6.65,6.8,9.0,8.8,7.5,senior_level,24,36.1,6.56,7.35,6.05,12.44,12.45,7.59,7.2
ESK_0369,819290,3,214,2023,2,1,1,house,Durlach,48.985932,8.477121,6.12,6.46,7.2,8.9,9.2,7.4,senior_level,24,36.24,6.4,7.13,5.84,12.44,12.43,7.39,7.3
ESK_0370,650000,3,196,1996,1,1,1,house,Südstadt,48.990351,8.403576,2.56,2.42,8.4,8.7,9.1,8.8,mid_level,16,37.92,3.7,2.44,1.84,11.78,11.55,2.99,8.8
ESK_0371,900000,3,116,2007,0,0,0,apartment,Weststadt,48.996273,8.370118,3.14,2.28,8.8,9.0,8.9,8.3,executive,10,38.53,4.2,1.81,2.72,11.87,11.55,2.32,8.3
ESK_0372,650000,3,88,2022,1,0,0,apartment,Südstadt,49.003664,8.407122,1.1,1.36,8.2,8.6,9.1,9.1,senior_level,15,36.48,2.2,1.66,0.44,10.28,10.05,1.98,8.8
ESK_0373,650000,4,138,2021,0,1,0,house,Weststadt,48.995258,8.37562,2.91,2.12,8.3,9.0,9.1,9.3,senior_level,10,38.42,4.02,1.69,2.42,11.82,11.52,2.26,8.9
ESK_0374,1045290,4,189,2015,0,0,1,house,Weststadt,48.995057,8.388775,2.34,1.81,8.2,8.6,9.5,8.3,executive,13,37.96,3.51,1.55,1.71,11.53,11.26,2.17,8.8
ESK_0375,852961,4,222,2023,1,0,0,house,Durlach,48.990344,8.461269,4.88,5.23,6.7,8.8,9.1,7.4,senior_level,27,36.18,5.22,5.88,4.59,11.72,11.67,6.14,7.8
ESK_0376,737310,4,127,2013,0,1,1,house,Innenstadt-West,49.000808,8.411436,1.49,1.79,7.8,7.5,8.4,9.4,senior_level,7,36.62,2.5,2.08,0.88,10.53,10.32,2.42,8.6
ESK_0377,488145,4,136,1973,0,1,1,house,Durlach,48.998545,8.462911,4.58,4.96,6.5,9.2,8.9,8.0,mid_level,24,35.29,4.72,5.74,4.42,10.84,10.81,5.91,7.9
ESK_0378,650000,3,215,1978,1,1,0,house,Südstadt,48.99339,8.399721,2.25,2.03,8.4,8.1,8.8,8.7,mid_level,14,37.75,3.41,2.0,1.53,11.51,11.26,2.56,8.7
ESK_0379,717368,4,148,2000,2,0,1,house,Weststadt,49.002007,8.386496,1.82,1.18,8.5,9.5,9.0,8.6,senior_level,13,37.37,2.94,0.77,1.37,10.85,10.56,1.39,9.0
ESK_0380,670278,4,153,2009,2,0,1,house,Südstadt,49.003567,8.389969,1.52,1.0,8.5,8.7,8.6,9.1,senior_level,16,37.1,2.65,0.67,1.07,10.6,10.32,1.26,8.9
ESK_0381,776571,5,162,2022,2,1,0,house,Südstadt,49.004332,8.401566,1.03,1.07,8.0,8.8,8.8,9.0,senior_level,16,36.61,2.2,1.26,0.33,10.29,10.04,1.62,8.9
ESK_0382,784117,4,167,2014,1,1,0,house,Südstadt,48.993863,8.399286,2.2,1.98,8.4,8.6,8.9,8.5,senior_level,15,37.71,3.37,1.94,1.49,11.46,11.22,2.5,8.8
ESK_0383,650000,5,173,1981,2,1,1,house,Südstadt,48.995915,8.398783,1.99,1.76,8.0,8.4,8.6,8.6,mid_level,15,37.53,3.16,1.73,1.27,11.25,11.0,2.28,8.7
ESK_0384,771596,4,225,2021,2,1,1,house,Durlach,49.002406,8.477145,5.44,5.83,7.5,8.9,8.7,7.1,senior_level,26,34.52,5.4,6.7,5.38,10.68,10.69,6.81,7.3
ESK_0385,650000,2,139,2023,1,0,1,apartment,Südstadt,48.99395,8.416651,2.34,2.58,8.5,8.6,8.8,8.6,senior_level,17,37.13,3.3,2.8,1.72,11.24,11.04,3.22,8.7
ESK_0386,900000,4,196,2023,0,0,0,house,Innenstadt-West,49.002854,8.401192,1.2,1.17,7.6,8.2,8.6,9.5,senior_level,10,36.77,2.37,1.31,0.49,10.46,10.21,1.72,8.8
ESK_0387,679700,4,138,2012,1,1,1,house,Weststadt,49.010664,8.382804,1.6,0.78,8.4,9.0,9.4,8.9,senior_level,14,36.68,2.45,0.29,1.58,10.04,9.73,0.47,9.0
ESK_0388,650000,4,147,1981,0,0,1,house,Innenstadt-West,49.009454,8.383708,1.57,0.74,7.8,8.0,8.7,9.3,mid_level,10,36.76,2.48,0.16,1.49,10.14,9.83,0.58,8.8
ESK_0389,900000,3,222,2013,0,1,0,house,Weststadt,49.000727,8.387602,1.87,1.27,8.1,9.1,9.3,8.7,senior_level,14,37.46,3.01,0.92,1.36,10.96,10.67,1.54,8.9
ESK_0390,650000,3,139,2024,1,1,0,house,Oststadt,49.012159,8.42641,1.61,2.15,6.7,7.6,8.0,8.0,senior_level,18,35.0,1.71,2.98,1.76,9.15,8.99,2.99,8.3
ESK_0391,1241491,4,235,2024,1,1,1,house,Weststadt,49.008424,8.376912,2.08,1.18,8.3,9.4,9.3,8.5,executive,12,37.11,2.94,0.65,1.96,10.44,10.11,0.93,9.0
ESK_0392,650000,3,132,2019,1,0,1,apartment,Durlach,48.995341,8.476699,5.64,6.01,7.5,8.8,8.9,7.5,senior_level,26,35.27,5.75,6.8,5.48,11.42,11.43,6.98,7.2
ESK_0393,475733,3,111,2021,1,0,0,apartment,Weststadt,48.999539,8.371974,2.82,1.95,8.8,8.7,8.9,8.8,mid_level,10,38.14,3.85,1.45,2.45,11.49,11.16,1.94,8.8
ESK_0394,900000,3,84,2020,2,0,1,apartment,Weststadt,49.010153,8.393144,0.9,0.71,8.2,9.3,9.3,9.3,executive,11,36.34,1.92,0.55,0.85,9.83,9.55,0.73,9.2
ESK_0395,529062,5,123,1988,0,1,1,house,Weststadt,48.998236,8.393776,1.86,1.48,8.1,8.8,9.0,9.2,mid_level,13,37.48,3.04,1.32,1.21,11.09,10.83,1.9,8.9
ESK_0396,900000,3,104,2014,2,0,1,apartment,Südstadt,48.986227,8.409437,3.04,2.99,7.9,8.7,9.0,8.8,executive,15,38.13,4.12,3.05,2.34,12.16,11.95,3.59,8.1
ESK_0397,701366,3,157,2022,1,1,1,house,Südstadt,48.990174,8.388777,2.82,2.32,7.9,8.8,8.6,9.2,senior_level,14,38.44,4.0,2.09,2.16,12.05,11.78,2.71,8.8
ESK_0398,844916,5,227,1996,1,1,1,house,Durlach,48.995395,8.470771,5.24,5.61,7.4,9.6,9.0,7.4,senior_level,24,35.41,5.39,6.38,5.06,11.31,11.29,6.57,7.5
ESK_0399,650000,4,200,2018,1,1,0,house,Durlach,48.99014,8.464697,5.1,5.45,7.4,9.3,9.0,7.6,mid_level,24,36.11,5.42,6.12,4.82,11.79,11.75,6.37,7.5
ESK_0400,650000,5,160,2022,1,1,0,house,Durlach,48.994866,8.460702,4.6,4.97,7.2,8.9,8.9,7.5,senior_level,26,35.73,4.85,5.68,4.37,11.22,11.17,5.9,7.9
ESK_0401,1136239,3,225,2018,1,1,1,house,Weststadt,49.002127,8.384552,1.91,1.21,8.7,9.0,9.3,8.6,executive,14,37.43,3.01,0.76,1.49,10.88,10.59,1.38,9.0
ESK_0402,798005,3,143,2006,1,0,1,apartment,Innenstadt-West,49.000708,8.396494,1.52,1.27,7.7,8.2,8.3,9.9,senior_level,7,37.14,2.71,1.2,0.87,10.77,10.51,1.73,8.7
ESK_0403,775554,3,159,2015,1,1,1,house,Weststadt,48.998787,8.382539,2.28,1.57,8.8,8.8,9.3,8.5,senior_level,11,37.83,3.4,1.15,1.79,11.28,10.99,1.76,9.0
ESK_0404,650000,4,202,1993,2,0,0,house,Südstadt,49.001154,8.39539,1.51,1.21,8.5,8.0,8.8,9.0,mid_level,15,37.14,2.69,1.11,0.88,10.75,10.48,1.65,8.8
ESK_0405,900000,3,100,2007,1,0,1,apartment,Südstadt,48.998634,8.394234,1.8,1.44,8.3,8.4,8.7,8.5,executive,13,37.42,2.98,1.3,1.15,11.04,10.78,1.87,8.7
ESK_0406,482612,2,96,2014,0,0,0,apartment,Weststadt,49.002128,8.395538,1.41,1.13,8.8,9.4,9.1,8.4,mid_level,12,37.04,2.59,1.04,0.8,10.64,10.38,1.55,9.0
ESK_0407,1141028,4,197,1998,1,0,1,house,Weststadt,48.999824,8.393168,1.72,1.32,8.5,8.7,9.5,8.6,executive,11,37.34,2.89,1.14,1.1,10.93,10.67,1.72,9.0
ESK_0408,900000,3,135,2015,2,1,1,house,Innenstadt-West,49.017875,8.383115,1.63,1.12,7.1,8.3,8.4,9.3,executive,8,35.98,2.07,1.02,1.93,9.29,8.97,0.42,8.7
ESK_0409,1147971,4,250,2007,1,0,0,house,Südstadt,48.986729,8.388043,3.2,2.69,8.5,8.9,9.1,8.7,executive,17,38.8,4.38,2.47,2.52,12.44,12.17,3.09,8.4
ESK_0410,630550,4,157,2011,0,1,1,house,Südstadt,48.987257,8.414101,2.99,3.05,8.1,8.6,8.9,8.8,mid_level,15,37.88,4.02,3.17,2.31,12.0,11.8,3.67,8.7
ESK_0411,650000,3,89,1999,1,0,0,apartment,Durlach,49.003224,8.483056,5.85,6.23,7.5,8.9,8.8,7.1,senior_level,25,34.28,5.76,7.12,5.8,10.72,10.76,7.22,7.2
ESK_0412,900000,4,138,2015,0,0,0,apartment,Innenstadt-West,49.006305,8.399062,0.88,0.9,7.7,8.1,8.5,9.1,executive,8,36.51,2.06,1.01,0.34,10.12,9.87,1.34,8.9
ESK_0413,900000,3,132,2005,0,0,1,apartment,Mühlburg,49.016952,8.379283,1.87,1.22,7.3,8.0,8.2,7.7,executive,19,36.21,2.37,1.01,2.1,9.5,9.17,0.54,8.4
ESK_0414,695841,3,196,2016,1,1,1,house,Mühlburg,49.012266,8.366709,2.75,1.87,7.1,8.0,8.0,7.7,senior_level,21,37.14,3.41,1.44,2.76,10.38,10.02,1.4,8.4
ESK_0415,650000,4,216,1994,2,1,0,house,Südstadt,48.992722,8.408695,2.32,2.34,8.7,8.1,8.8,8.8,mid_level,15,37.51,3.4,2.45,1.62,11.45,11.24,2.95,8.8
ESK_0416,650000,4,164,1977,1,1,0,house,Weststadt,49.005561,8.398739,0.96,0.93,8.7,8.5,8.9,8.4,mid_level,12,36.59,2.15,1.01,0.39,10.21,9.95,1.38,9.1
ESK_0417,1009749,4,206,2014,1,1,1,house,Oststadt,48.998098,8.4331,2.7,3.09,6.8,7.6,8.5,8.0,executive,18,36.2,3.26,3.65,2.36,10.7,10.56,3.92,8.3
ESK_0418,650000,3,99,2021,1,0,1,apartment,Innenstadt-West,49.016177,8.401866,0.36,1.08,7.1,8.2,8.6,9.4,senior_level,9,35.45,1.0,1.42,1.04,9.01,8.75,1.2,8.8
ESK_0419,902516,2,140,2022,1,0,1,apartment,Innenstadt-West,49.009624,8.385966,1.41,0.65,7.3,8.0,8.7,9.7,executive,8,36.66,2.34,0.08,1.33,10.06,9.76,0.54,8.6
ESK_0420,900000,3,218,2008,1,1,0,house,Weststadt,48.995069,8.383371,2.55,1.9,8.3,9.4,9.0,9.0,senior_level,14,38.15,3.7,1.55,1.98,11.65,11.36,2.17,9.0
ESK_0421,705616,4,203,2011,1,1,1,house,Durlach,48.989259,8.484451,6.43,6.78,7.5,9.6,9.2,7.4,senior_level,26,35.72,6.6,7.52,6.21,12.23,12.25,7.74,7.4
ESK_0422,650000,4,204,2023,1,0,1,house,Oststadt,49.015009,8.41743,0.97,1.58,6.8,8.2,8.3,8.2,mid_level,17,35.02,1.06,2.4,1.35,8.91,8.71,2.32,8.7
ESK_0423,1292976,3,231,2021,1,1,0,house,Südstadt,48.994452,8.414322,2.23,2.43,8.1,8.5,8.9,9.3,executive,14,37.15,3.22,2.63,1.59,11.2,11.0,3.06,8.8
ESK_0424,900000,3,229,1999,1,1,0,house,Innenstadt-West,49.00684,8.394061,1.05,0.8,7.6,8.0,8.2,9.0,senior_level,10,36.63,2.18,0.64,0.7,10.17,9.89,1.05,8.7
ESK_0425,650000,4,129,2011,0,0,1,apartment,Weststadt,49.011884,8.376845,2.02,1.16,8.0,8.5,9.4,8.6,senior_level,13,36.79,2.75,0.73,2.04,10.09,9.76,0.7,8.7
ESK_0426,450000,4,99,1990,1,0,1,apartment,Südstadt,49.002269,8.415509,1.48,1.89,8.6,8.4,8.9,8.5,mid_level,14,36.34,2.37,2.29,1.0,10.33,10.13,2.57,8.7
ESK_0427,650000,3,88,2021,1,0,1,apartment,Südstadt,49.002565,8.403818,1.21,1.28,8.6,8.5,8.9,9.3,senior_level,14,36.7,2.35,1.49,0.48,10.45,10.21,1.88,8.8
ESK_0428,650000,3,176,1973,2,1,1,house,Innenstadt-West,48.999686,8.397927,1.6,1.38,7.9,8.2,8.5,9.0,mid_level,7,37.19,2.78,1.35,0.91,10.86,10.6,1.88,8.7
ESK_0429,670873,4,157,1994,2,1,1,house,Südstadt,48.994201,8.39693,2.2,1.91,7.7,8.3,8.7,9.3,senior_level,16,37.76,3.38,1.82,1.5,11.47,11.22,2.4,8.7
ESK_0430,900000,2,102,2013,1,0,1,apartment,Weststadt,49.013355,8.379646,1.81,1.01,8.7,8.7,9.0,9.0,executive,11,36.54,2.49,0.67,1.9,9.85,9.53,0.45,8.9
ESK_0431,835878,3,220,2013,1,1,0,house,Durlach,48.990621,8.467007,5.22,5.58,6.6,9.2,8.8,7.8,senior_level,27,36.0,5.51,6.26,4.96,11.77,11.74,6.5,7.3
ESK_0432,1500000,3,248,2019,1,1,1,house,Innenstadt-West,49.009543,8.405919,0.44,1.12,7.0,7.9,8.6,9.9,executive,8,35.95,1.56,1.47,0.34,9.66,9.42,1.58,8.9
ESK_0433,650000,4,196,1988,1,1,1,house,Weststadt,49.000124,8.389669,1.83,1.31,8.7,8.9,9.3,9.0,mid_level,13,37.44,2.98,1.02,1.27,10.97,10.7,1.63,9.0
ESK_0434,650000,4,235,1988,2,1,0,house,Weststadt,49.011195,8.383748,1.53,0.74,8.7,9.0,9.1,8.6,mid_level,14,36.59,2.36,0.3,1.53,9.96,9.65,0.39,9.0
ESK_0435,662224,3,139,2006,2,0,1,house,Weststadt,49.000296,8.384565,2.05,1.37,8.8,9.4,9.1,8.5,senior_level,12,37.61,3.17,0.96,1.58,11.07,10.78,1.58,9.0
ESK_0436,474235,4,101,1974,1,0,1,apartment,Weststadt,49.008686,8.389078,1.23,0.67,8.8,9.0,9.0,8.6,mid_level,12,36.63,2.24,0.24,1.08,10.08,9.79,0.69,8.9
ESK_0437,900000,4,146,2005,0,0,1,apartment,Weststadt,49.006233,8.386972,1.5,0.82,9.0,9.4,9.0,9.2,executive,12,36.95,2.55,0.31,1.22,10.39,10.1,0.92,9.1
ESK_0438,900000,4,200,2022,1,1,1,house,Weststadt,49.002848,8.371382,2.68,1.77,8.1,9.0,9.1,8.3,senior_level,13,37.85,3.64,1.25,2.4,11.17,10.84,1.66,8.8
ESK_0439,900000,2,143,2008,1,0,0,apartment,Oststadt,49.001258,8.429372,2.27,2.69,7.4,7.9,8.2,7.7,executive,19,35.99,2.82,3.29,1.97,10.35,10.2,3.52,8.3
ESK_0440,743129,4,166,2008,2,1,0,house,Weststadt,49.010118,8.372377,2.36,1.46,8.9,8.8,9.0,9.1,senior_level,12,37.13,3.13,0.99,2.31,10.4,10.07,1.08,9.0
ESK_0441,650000,4,191,1977,2,1,1,house,Innenstadt-West,49.000072,8.387215,1.94,1.34,7.5,7.4,8.6,9.6,mid_level,10,37.53,3.08,0.99,1.42,11.03,10.75,1.61,8.6
ESK_0442,650000,2,106,2018,0,0,0,apartment,Innenstadt-West,49.005981,8.411987,0.99,1.49,7.5,7.7,8.3,9.4,senior_level,9,36.09,1.93,1.94,0.61,9.96,9.75,2.15,8.8
ESK_0443,650000,2,102,2022,1,0,1,apartment,Weststadt,48.994108,8.390055,2.39,1.9,8.2,9.3,9.3,9.0,senior_level,11,38.01,3.57,1.67,1.74,11.61,11.34,2.29,8.9
ESK_0444,650000,3,249,1985,0,1,1,house,Weststadt,49.005523,8.38661,1.57,0.88,8.9,8.9,9.3,8.8,mid_level,12,37.03,2.63,0.38,1.26,10.48,10.18,1.0,9.1
ESK_0445,900000,3,83,2013,1,0,0,apartment,Weststadt,49.003099,8.384124,1.87,1.14,9.0,9.4,9.0,9.2,executive,13,37.35,2.95,0.66,1.49,10.79,10.49,1.27,9.1
ESK_0446,776063,4,195,2003,2,1,1,house,Südstadt,48.995812,8.413488,2.06,2.27,8.3,8.1,8.5,9.0,senior_level,15,37.05,3.07,2.49,1.42,11.06,10.86,2.91,8.7
ESK_0447,1282582,4,209,2008,0,1,0,house,Innenstadt-West,49.000784,8.395929,1.53,1.25,7.6,7.3,8.7,9.5,executive,7,37.15,2.71,1.17,0.89,10.78,10.52,1.7,8.6
ESK_0448,650000,3,210,1992,1,1,1,house,Weststadt,48.99725,8.396851,1.88,1.6,8.5,8.8,8.9,8.4,mid_level,12,37.47,3.06,1.53,1.18,11.14,10.88,2.09,8.9
ESK_0449,900000,3,145,2000,1,1,0,house,Südstadt,48.995323,8.397145,2.08,1.79,7.8,8.6,8.8,9.2,executive,13,37.64,3.26,1.72,1.37,11.34,11.09,2.29,8.8
ESK_0450,900000,4,230,2014,2,0,0,house,Oststadt,49.01206,8.411484,0.54,1.32,7.5,8.0,8.5,8.5,senior_level,19,35.51,1.25,1.91,0.81,9.3,9.08,1.91,8.8
ESK_0451,538784,4,112,2007,1,0,1,apartment,Oststadt,49.013212,8.410046,0.41,1.25,7.3,7.9,8.1,7.8,mid_level,18,35.45,1.12,1.83,0.84,9.19,8.97,1.79,8.6
ESK_0452,900000,4,205,2016,1,1,0,house,Südstadt,49.003276,8.399049,1.19,1.09,8.2,8.4,8.8,9.2,senior_level,13,36.8,2.37,1.15,0.53,10.45,10.2,1.59,8.9
ESK_0453,800062,4,172,2018,1,1,1,house,Oststadt,49.006935,8.415289,1.07,1.62,6.8,7.9,8.2,8.1,senior_level,19,35.89,1.86,2.16,0.85,9.82,9.61,2.32,8.4
ESK_0454,900000,4,228,2000,0,1,1,house,Weststadt,48.995451,8.39551,2.1,1.77,8.3,9.1,9.5,9.1,senior_level,14,37.69,3.28,1.65,1.41,11.36,11.1,2.24,9.0
ESK_0455,632098,2,135,1972,1,0,1,apartment,Weststadt,48.996257,8.388284,2.24,1.7,9.0,9.4,9.4,9.0,mid_level,11,37.86,3.41,1.42,1.63,11.41,11.14,2.04,9.0
ESK_0456,1002454,3,179,2013,0,0,1,house,Oststadt,49.00655,8.413167,0.99,1.52,7.0,8.4,8.5,7.9,executive,19,35.99,1.87,2.01,0.69,9.88,9.67,2.2,8.7
ESK_0457,650000,2,120,2013,2,0,1,apartment,Mühlburg,49.014179,8.362153,3.08,2.22,7.0,8.2,7.8,7.9,senior_level,21,37.15,3.65,1.82,3.14,10.36,9.99,1.71,7.8
ESK_0458,900000,3,228,2006,1,0,1,house,Weststadt,49.006617,8.380488,1.9,1.03,8.7,8.8,9.1,8.5,senior_level,14,37.15,2.86,0.46,1.69,10.52,10.21,0.95,9.0
ESK_0459,900000,4,212,2013,1,1,1,house,Südstadt,48.997609,8.410028,1.8,1.96,8.1,8.9,8.5,9.4,senior_level,17,36.98,2.86,2.17,1.13,10.9,10.69,2.59,8.9
ESK_0460,667822,3,143,2020,1,1,1,house,Oststadt,49.014209,8.416229,0.87,1.52,7.5,8.4,8.5,8.1,senior_level,17,35.14,1.1,2.3,1.22,9.01,8.8,2.23,8.8
ESK_0461,900000,3,240,2024,0,1,0,house,Oststadt,49.014812,8.419186,1.09,1.67,7.0,8.2,8.2,7.6,senior_level,18,34.98,1.14,2.52,1.43,8.91,8.72,2.45,8.4
ESK_0462,1378542,4,235,2023,0,0,1,house,Weststadt,49.005538,8.371229,2.57,1.65,9.0,8.5,9.1,8.5,executive,13,37.6,3.47,1.13,2.37,10.9,10.57,1.45,8.9
ESK_0463,900000,3,236,2015,2,1,0,house,Innenstadt-West,49.001398,8.397506,1.43,1.22,7.7,7.5,8.7,9.7,senior_level,9,37.04,2.61,1.19,0.76,10.68,10.42,1.7,8.7
ESK_0464,824656,4,174,2020,0,1,1,house,Südstadt,48.991332,8.408137,2.47,2.45,8.2,8.9,8.8,8.8,senior_level,14,37.67,3.56,2.54,1.76,11.61,11.4,3.06,8.8
ESK_0465,650000,4,155,2002,1,1,1,house,Mühlburg,49.008449,8.372389,2.4,1.48,6.4,8.6,8.0,7.4,senior_level,20,37.28,3.22,0.98,2.29,10.57,10.24,1.18,8.3
ESK_0466,526672,2,119,2009,0,0,0,apartment,Oststadt,49.015951,8.412939,0.68,1.35,7.5,8.0,8.5,7.5,mid_level,17,35.08,0.84,2.13,1.21,8.86,8.64,2.0,8.6
ESK_0467,465973,4,110,1982,0,0,1,apartment,Weststadt,49.002945,8.372171,2.62,1.72,8.1,9.1,9.5,8.4,mid_level,12,37.81,3.59,1.19,2.34,11.13,10.81,1.62,8.8
ESK_0468,900000,3,164,2022,1,1,1,house,Durlach,48.993654,8.481395,6.03,6.39,6.7,9.4,8.8,7.8,executive,27,35.33,6.14,7.18,5.86,11.7,11.71,7.36,7.3
ESK_0469,953806,3,178,2021,2,1,1,house,Südstadt,48.993895,8.389393,2.43,1.93,8.7,8.6,8.8,8.5,executive,13,38.05,3.61,1.69,1.78,11.64,11.37,2.31,8.8
ESK_0470,821187,3,139,2017,1,0,1,apartment,Innenstadt-West,49.017725,8.409001,0.59,1.21,7.3,8.2,8.3,9.7,senior_level,9,35.04,0.63,1.96,1.26,8.72,8.48,1.74,8.8
ESK_0471,450000,3,100,1976,1,0,1,apartment,Durlach,48.993147,8.485179,6.31,6.67,6.5,9.3,9.0,7.2,mid_level,25,35.29,6.41,7.46,6.14,11.83,11.86,7.64,7.1
ESK_0472,527736,2,98,1985,2,0,1,apartment,Innenstadt-West,49.013543,8.383022,1.56,0.82,7.3,7.7,8.8,9.2,mid_level,8,36.4,2.27,0.55,1.68,9.74,9.42,0.22,8.5
ESK_0473,703861,4,167,2016,1,1,0,house,Oststadt,49.002784,8.417456,1.52,1.95,7.7,8.0,8.4,8.1,senior_level,19,36.22,2.34,2.41,1.1,10.25,10.06,2.66,8.5
ESK_0474,896320,3,226,1994,1,1,0,house,Mühlburg,49.008684,8.368106,2.7,1.77,7.1,8.2,7.9,7.5,senior_level,21,37.43,3.48,1.29,2.6,10.69,10.34,1.43,8.4
ESK_0475,1386690,3,239,2000,1,1,1,house,Weststadt,49.007605,8.395274,0.93,0.79,8.1,9.1,9.1,9.0,executive,14,36.51,2.06,0.71,0.62,10.06,9.79,1.04,9.2
ESK_0476,655484,3,144,2011,2,1,1,house,Südstadt,48.990798,8.388435,2.77,2.26,8.4,8.3,8.9,9.4,senior_level,13,38.39,3.95,2.02,2.11,11.99,11.72,2.64,8.8
ESK_0477,878020,3,187,2015,1,1,1,house,Südstadt,48.989485,8.399659,2.68,2.43,8.2,8.6,9.0,8.8,senior_level,13,38.13,3.84,2.38,1.96,11.93,11.69,2.96,8.8
ESK_0478,650000,3,109,2008,1,0,1,apartment,Durlach,48.99406,8.484095,6.2,6.56,6.5,9.0,8.9,7.8,senior_level,23,35.22,6.29,7.36,6.04,11.71,11.74,7.54,7.1
ESK_0479,781785,4,220,2012,1,1,0,house,Durlach,48.997784,8.479173,5.72,6.1,7.5,8.7,8.9,7.3,senior_level,26,34.95,5.77,6.92,5.6,11.21,11.23,7.07,7.3
ESK_0480,900000,3,247,1994,1,0,1,house,Weststadt,49.006571,8.372851,2.42,1.5,8.9,8.5,9.2,8.9,senior_level,11,37.44,3.3,0.98,2.25,10.75,10.41,1.28,9.0
ESK_0481,650000,3,104,2002,0,0,1,apartment,Weststadt,49.012088,8.399064,0.42,0.91,8.8,9.4,9.4,9.3,senior_level,11,35.94,1.49,1.03,0.67,9.5,9.24,1.02,9.3
ESK_0482,900000,2,82,2018,1,0,1,apartment,Durlach,48.996129,8.465037,4.82,5.2,6.6,9.0,8.7,7.0,executive,27,35.48,5.01,5.95,4.63,11.14,11.11,6.14,7.6
ESK_0483,1206680,4,218,2012,1,1,1,house,Südstadt,48.993216,8.388551,2.52,2.01,8.0,8.7,8.6,9.2,executive,17,38.15,3.7,1.76,1.88,11.73,11.46,2.38,8.8
ESK_0484,650000,3,212,1994,1,1,0,house,Innenstadt-West,49.010197,8.411834,0.65,1.35,7.6,7.7,8.7,9.3,mid_level,9,35.68,1.46,1.9,0.7,9.5,9.28,1.97,8.9
ESK_0485,650000,4,220,1971,2,1,1,house,Weststadt,49.010788,8.383445,1.56,0.75,8.2,8.8,9.3,8.8,mid_level,13,36.64,2.4,0.27,1.54,10.01,9.7,0.44,9.0
ESK_0486,509744,3,106,1998,2,0,1,apartment,Weststadt,48.994213,8.393297,2.28,1.88,8.3,9.3,9.2,8.4,mid_level,12,37.89,3.46,1.72,1.6,11.53,11.27,2.32,8.8
ESK_0487,900000,2,113,2019,1,0,0,apartment,Mühlburg,49.022757,8.358068,3.54,2.84,7.2,8.4,8.2,7.7,executive,19,36.52,3.81,2.54,3.77,9.72,9.32,2.21,7.8
ESK_0488,900000,3,242,2002,0,1,1,house,Innenstadt-West,49.005555,8.408802,0.93,1.36,7.2,7.4,8.6,9.1,senior_level,7,36.24,1.98,1.72,0.4,10.05,9.82,1.96,8.8
ESK_0489,900000,5,167,2020,1,1,1,house,Südstadt,48.996103,8.409912,1.96,2.08,8.1,8.9,8.6,8.7,executive,14,37.14,3.02,2.26,1.28,11.07,10.85,2.71,8.8
ESK_0490,1155719,4,217,1999,1,1,1,house,Weststadt,49.00522,8.374035,2.39,1.48,9.0,9.4,9.5,8.7,executive,11,37.53,3.32,0.95,2.17,10.85,10.52,1.33,9.1
ESK_0491,532112,3,103,1971,1,0,0,apartment,Innenstadt-West,49.012695,8.386763,1.29,0.68,7.5,7.6,8.6,9.1,mid_level,9,36.34,2.08,0.43,1.39,9.72,9.42,0.22,8.5
ESK_0492,900000,2,134,2016,2,0,1,apartment,Südstadt,48.985005,8.391808,3.29,2.86,7.8,8.4,9.1,9.0,executive,14,38.84,4.47,2.69,2.58,12.55,12.29,3.31,8.1
ESK_0493,984232,3,159,2023,1,1,1,house,Weststadt,49.008071,8.389346,1.25,0.7,8.1,9.4,9.4,8.5,executive,13,36.68,2.28,0.27,1.06,10.14,9.85,0.77,9.0
ESK_0494,521059,3,114,2016,0,0,0,apartment,Südstadt,48.993046,8.411499,2.32,2.42,7.8,9.0,8.9,9.2,mid_level,14,37.39,3.37,2.57,1.64,11.39,11.18,3.04,8.7
ESK_0495,450000,2,84,2016,0,0,0,apartment,Weststadt,49.007187,8.397292,0.86,0.84,9.0,8.8,9.0,8.5,mid_level,14,36.48,2.03,0.86,0.47,10.06,9.8,1.18,9.2
ESK_0496,852458,3,169,2008,1,1,1,house,Innenstadt-West,49.006296,8.409202,0.86,1.34,7.2,7.7,8.8,9.4,senior_level,9,36.15,1.89,1.73,0.41,9.96,9.74,1.95,8.9
ESK_0497,650000,3,219,2006,2,1,1,house,Weststadt,48.996541,8.371756,3.03,2.18,8.7,9.5,9.3,9.2,mid_level,13,38.44,4.09,1.71,2.6,11.8,11.48,2.24,8.6
ESK_0498,900000,5,219,2011,0,1,1,house,Weststadt,48.998984,8.380256,2.38,1.62,8.1,8.9,9.1,9.2,senior_level,10,37.89,3.48,1.17,1.92,11.32,11.02,1.77,8.9
ESK_0499,900000,4,209,2009,1,0,1,house,Weststadt,48.994106,8.379842,2.79,2.09,8.8,9.2,9.0,8.5,senior_level,14,38.38,3.93,1.7,2.25,11.84,11.54,2.31,9.0
ESK_0500,650000,4,182,1981,0,1,0,house,Weststadt,48.997613,8.373901,2.83,2.0,8.4,9.1,9.3,8.6,mid_level,10,38.26,3.9,1.53,2.41,11.63,11.31,2.06,8.9
